sample_id,study_id,country,latitude,longitude,depth_m,ecosystem_type,env_feature,ph,soil_organic_carbon_g_kg,total_nitrogen_g_kg,cec_cmolc_kg,clay_percent,sand_percent,silt_percent,bulk_density_g_cm3,soil_moisture_gwettop,soil_temperature_t2m,observed_otus,shannon_diversity,chao1_richness,faith_pd,ph_source,is_ph_imputed
632.Agricultural.soil.soy,632,Canada,43.63,-80.39,0.05,Dryland_Cropland,agricultural feature,7.6,34.67,3.833,21.83,16.0,34.37,49.63,1.467,0.808,15.102,1019,8.24958708831794,1879.5438596491224,84.78665483424416,measured,False
632.Agricultural.soil.wheat,632,Canada,43.64,-80.41,0.05,Dryland_Cropland,agricultural feature,7.4,29.85,3.337,21.06,19.32,30.32,50.35,1.475,0.808,15.102,1090,8.688437319344098,1913.8125,89.15883450094108,measured,False
659.NZFACE.R1.Browntop,659,New Zealand,-40.017,175.267,0.1,Dryland_Cropland,pasture,5.05,75.93,3.183,29.9,18.57,55.0,26.37,0.953,0.58,14.29,434,4.924067745718029,656.9615384615385,37.599963195081,measured,False
659.NZFACE.R1.control.19.4,659,New Zealand,-40.017,175.267,0.1,Dryland_Cropland,pasture,6.0,75.93,3.183,29.9,18.57,55.0,26.37,0.953,0.58,14.29,690,6.2203157752362985,1244.2105263157896,55.842196314320006,measured,False
659.NZFACE.R1.Ryegrass.26.4,659,New Zealand,-40.017,175.267,0.1,Dryland_Cropland,pasture,5.62,75.93,3.183,29.9,18.57,55.0,26.37,0.953,0.58,14.29,596,6.396885902760628,961.85,48.809618532372,measured,False
659.NZFACE.R1.warm,659,New Zealand,-40.017,175.267,0.1,Dryland_Cropland,pasture,5.8,75.93,3.183,29.9,18.57,55.0,26.37,0.953,0.58,14.29,648,5.767470922954061,1137.6534653465344,54.43607614222601,soilgrids_imputed,True
659.NZFACE.R2.Browntop,659,New Zealand,-40.017,175.267,0.1,Dryland_Cropland,pasture,5.25,75.93,3.183,29.9,18.57,55.0,26.37,0.953,0.58,14.29,725,7.145951096661873,1155.6910569105694,64.302952156204,measured,False
659.NZFACE.R2.control.23.4,659,New Zealand,-40.017,175.267,0.1,Dryland_Cropland,pasture,5.8,75.93,3.183,29.9,18.57,55.0,26.37,0.953,0.58,14.29,681,5.783664463369219,1194.0854700854702,55.65795065596098,measured,False
659.NZFACE.R2.Ryegrass.24.4,659,New Zealand,-40.017,175.267,0.1,Dryland_Cropland,pasture,5.68,75.93,3.183,29.9,18.57,55.0,26.37,0.953,0.58,14.29,673,6.885621200726544,1263.344827586207,53.915363876311,measured,False
659.NZFACE.R3.Browntop,659,New Zealand,-40.017,175.267,0.1,Dryland_Cropland,pasture,5.45,75.93,3.183,29.9,18.57,55.0,26.37,0.953,0.58,14.29,620,6.257205556590297,1128.3655913978494,50.48058856098,measured,False
659.NZFACE.R3.Ryegrass.19.7,659,New Zealand,-40.017,175.267,0.1,Dryland_Cropland,pasture,5.79,75.93,3.183,29.9,18.57,55.0,26.37,0.953,0.58,14.29,614,6.1831515214099575,1182.1375,49.948108974546,measured,False
659.NZFACE.R3.warm,659,New Zealand,-40.017,175.267,0.1,Dryland_Cropland,pasture,5.8,75.93,3.183,29.9,18.57,55.0,26.37,0.953,0.58,14.29,671,6.3349685259314095,1394.6585365853657,58.05180575212599,soilgrids_imputed,True
659.NZFACE.R4.Browntop,659,New Zealand,-40.017,175.267,0.1,Dryland_Cropland,pasture,5.36,75.93,3.183,29.9,18.57,55.0,26.37,0.953,0.58,14.29,656,6.278687655400448,1264.9080459770116,58.572875242971975,measured,False
659.NZFACE.R4.Ryegrass.16.4,659,New Zealand,-40.017,175.267,0.1,Dryland_Cropland,pasture,5.84,75.93,3.183,29.9,18.57,55.0,26.37,0.953,0.58,14.29,668,6.626058188331523,1007.7727272727273,58.61657272884104,measured,False
659.NZFACE.R5.Browntop,659,New Zealand,-40.017,175.267,0.1,Dryland_Cropland,pasture,5.47,75.93,3.183,29.9,18.57,55.0,26.37,0.953,0.58,14.29,682,6.595619810240129,1147.5945945945946,56.971643850677005,measured,False
659.NZFACE.R5.Ryegrass,659,New Zealand,-40.017,175.267,0.1,Dryland_Cropland,pasture,5.17,75.93,3.183,29.9,18.57,55.0,26.37,0.953,0.58,14.29,683,6.728778972576207,1096.139344262295,56.457051251756006,measured,False
659.NZFACE.R6.Browntop,659,New Zealand,-40.017,175.267,0.1,Dryland_Cropland,pasture,5.57,75.93,3.183,29.9,18.57,55.0,26.37,0.953,0.58,14.29,674,6.592187443568204,1154.0,59.807495924668,measured,False
659.NZFACE.R6.Ryegrass,659,New Zealand,-40.017,175.267,0.1,Dryland_Cropland,pasture,5.8,75.93,3.183,29.9,18.57,55.0,26.37,0.953,0.58,14.29,664,6.091596918374276,1217.926605504587,61.471079655505086,measured,False
659.NZFACE.R2.warm,659,New Zealand,-40.017,175.267,0.1,Dryland_Cropland,pasture,5.8,75.93,3.183,29.9,18.57,55.0,26.37,0.953,0.58,14.29,687,5.765792967380072,1243.0619469026549,60.75540781772701,soilgrids_imputed,True
659.NZFACE.R3.control.19.4,659,New Zealand,-40.017,175.267,0.1,Dryland_Cropland,pasture,5.8,75.93,3.183,29.9,18.57,55.0,26.37,0.953,0.58,14.29,695,6.502052048087242,1116.8181818181818,61.628186609266,measured,False
659.NZFACE.R4.control.19.8,659,New Zealand,-40.017,175.267,0.1,Dryland_Cropland,pasture,5.9,75.93,3.183,29.9,18.57,55.0,26.37,0.953,0.58,14.29,741,5.910919384714145,1432.2589285714284,65.00150696560901,measured,False
659.NZFACE.R4.warm,659,New Zealand,-40.017,175.267,0.1,Dryland_Cropland,pasture,5.8,75.93,3.183,29.9,18.57,55.0,26.37,0.953,0.58,14.29,767,6.1889347656302505,1432.9302325581396,64.91625808269603,soilgrids_imputed,True
659.NZFACE.R5.warm,659,New Zealand,-40.017,175.267,0.1,Dryland_Cropland,pasture,5.8,75.93,3.183,29.9,18.57,55.0,26.37,0.953,0.58,14.29,714,6.65507998115687,1258.9626168224302,58.06131412291407,soilgrids_imputed,True
659.NZFACE.R6.control,659,New Zealand,-40.017,175.267,0.1,Dryland_Cropland,pasture,5.8,75.93,3.183,29.9,18.57,55.0,26.37,0.953,0.58,14.29,704,6.255314749983164,1498.378947368421,61.834160957287,measured,False
659.NZFACE.R6.warm,659,New Zealand,-40.017,175.267,0.1,Dryland_Cropland,pasture,5.8,75.93,3.183,29.9,18.57,55.0,26.37,0.953,0.58,14.29,606,5.683900026381421,1006.2121212121212,53.859257404286005,soilgrids_imputed,True
805.pH.4.5.year.2006,805,Scotland,57.183,-2.85,0.05,Dryland_Cropland,agricultural soil,4.5,266.97,11.913,28.87,6.77,70.2,23.03,0.81,0.78,1.17,961,8.546515493905972,1529.6445783132529,83.71041549635999,measured,False
805.pH.4.5.year.2007,805,Scotland,57.183,-2.85,0.05,Dryland_Cropland,agricultural soil,4.5,266.97,11.913,28.87,6.77,70.2,23.03,0.81,0.78,1.3,930,8.526990176947946,1393.5838150289014,81.27957563092758,measured,False
805.pH.5.0.year.2006,805,Scotland,57.183,-2.85,0.05,Dryland_Cropland,agricultural soil,5.0,266.97,11.913,28.87,6.77,70.2,23.03,0.81,0.78,1.17,1071,8.679253823502766,1793.2380952380954,84.62854662811901,measured,False
805.pH.5.0.year.2007,805,Scotland,57.183,-2.85,0.05,Dryland_Cropland,agricultural soil,5.0,266.97,11.913,28.87,6.77,70.2,23.03,0.81,0.78,1.3,1118,8.796158884964434,1863.939393939394,90.61304492749608,measured,False
805.pH.5.5.year.2006,805,Scotland,57.183,-2.85,0.05,Dryland_Cropland,agricultural soil,5.5,266.97,11.913,28.87,6.77,70.2,23.03,0.81,0.78,1.17,1105,8.714571389701266,1950.0898876404488,83.704974256512,measured,False
805.pH.5.5.year.2007,805,Scotland,57.183,-2.85,0.05,Dryland_Cropland,agricultural soil,5.5,266.97,11.913,28.87,6.77,70.2,23.03,0.81,0.78,1.3,549,7.101360160286854,627.2828282828282,55.3645861033041,measured,False
805.pH.6.0.year.2006,805,Scotland,57.183,-2.85,0.05,Dryland_Cropland,agricultural soil,6.0,266.97,11.913,28.87,6.77,70.2,23.03,0.81,0.78,1.17,1215,8.886449721471587,2297.785714285714,96.95174116597002,measured,False
805.pH.6.0.year.2007,805,Scotland,57.183,-2.85,0.05,Dryland_Cropland,agricultural soil,6.0,266.97,11.913,28.87,6.77,70.2,23.03,0.81,0.78,1.3,1263,8.887644599271756,2186.908296943232,95.99710102217496,measured,False
805.pH.6.5.year.2006,805,Scotland,57.183,-2.85,0.05,Dryland_Cropland,agricultural soil,6.5,266.97,11.913,28.87,6.77,70.2,23.03,0.81,0.78,1.17,1131,8.753388845178515,2106.464285714286,84.50128488653398,measured,False
805.pH.6.5.year.2007,805,Scotland,57.183,-2.85,0.05,Dryland_Cropland,agricultural soil,6.5,266.97,11.913,28.87,6.77,70.2,23.03,0.81,0.78,1.3,1340,9.065055128580644,2560.5733944954127,105.34010481821998,measured,False
805.pH.7.0.year.2006,805,Scotland,57.183,-2.85,0.05,Dryland_Cropland,agricultural soil,7.0,266.97,11.913,28.87,6.77,70.2,23.03,0.81,0.78,1.17,1233,8.895540629172961,2137.074418604652,98.67507903448394,measured,False
805.pH.7.0.year.2007,805,Scotland,57.183,-2.85,0.05,Dryland_Cropland,agricultural soil,7.0,266.97,11.913,28.87,6.77,70.2,23.03,0.81,0.78,1.3,1273,8.902141690206538,2181.875,98.600802134318,measured,False
805.pH.7.5.year.2006,805,Scotland,57.183,-2.85,0.05,Dryland_Cropland,agricultural soil,7.5,266.97,11.913,28.87,6.77,70.2,23.03,0.81,0.78,1.17,1260,8.997366978312863,2051.46835443038,101.01124863991696,measured,False
805.pH.7.5.year.2007,805,Scotland,57.183,-2.85,0.05,Dryland_Cropland,agricultural soil,7.5,266.97,11.913,28.87,6.77,70.2,23.03,0.81,0.78,1.3,446,8.234055313509053,483.9354838709677,45.97634498255598,measured,False
846.Fagna24102011Soil12A1,846,Italy,43.984,11.342,0.05,Dryland_Cropland,agricultural soil,7.25,35.8,2.772,28.55,34.5,26.92,38.63,1.332,0.44,7.82,1103,8.853472503270217,1861.1711229946525,88.96767094131705,soilgrids_imputed,True
846.Fagna24102011Soil12A2,846,Italy,43.984,11.342,0.15,Dryland_Cropland,agricultural soil,7.25,35.8,2.772,28.55,34.5,26.92,38.63,1.332,0.44,7.82,1323,9.081356211248451,2324.3898305084745,109.46467607591894,soilgrids_imputed,True
846.Fagna24102011Soil12A3,846,Italy,43.984,11.342,0.25,Dryland_Cropland,agricultural soil,7.25,35.8,2.772,28.55,34.5,26.92,38.63,1.332,0.44,7.82,1267,8.849248205745626,2243.745535714286,110.43435427697008,soilgrids_imputed,True
846.Fagna24102011Soil12A4,846,Italy,43.984,11.342,0.35,Dryland_Cropland,agricultural soil,7.25,35.8,2.772,28.55,34.5,26.92,38.63,1.332,0.44,7.82,1187,8.447275931862519,2183.197969543148,104.944428331508,soilgrids_imputed,True
846.Fagna24102011Soil12B1,846,Italy,43.984,11.342,0.05,Dryland_Cropland,agricultural soil,7.25,35.8,2.772,28.55,34.5,26.92,38.63,1.332,0.44,7.82,931,8.332461884091881,1616.727848101266,78.78642105582601,soilgrids_imputed,True
846.Fagna24102011Soil12B2,846,Italy,43.984,11.342,0.15,Dryland_Cropland,agricultural soil,7.25,35.8,2.772,28.55,34.5,26.92,38.63,1.332,0.44,7.82,1122,8.820090459046769,1774.6782178217825,91.976737836418,soilgrids_imputed,True
846.Fagna24102011Soil12B3,846,Italy,43.984,11.342,0.25,Dryland_Cropland,agricultural soil,7.25,35.8,2.772,28.55,34.5,26.92,38.63,1.332,0.44,7.82,1257,8.953457700164092,2202.85201793722,105.79823710167,soilgrids_imputed,True
846.Fagna24102011Soil12B4,846,Italy,43.984,11.342,0.35,Dryland_Cropland,agricultural soil,7.25,35.8,2.772,28.55,34.5,26.92,38.63,1.332,0.44,7.82,1282,8.883657845286463,2182.182926829268,110.975425477613,soilgrids_imputed,True
846.Fagna24102011Soil12C1,846,Italy,43.984,11.341,0.05,Dryland_Cropland,agricultural soil,7.2,35.67,2.777,28.83,33.97,27.5,38.53,1.32,0.44,7.82,1120,8.876873905664867,1948.0552486187844,89.19234092088611,soilgrids_imputed,True
846.Fagna24102011Soil12C2,846,Italy,43.984,11.341,0.15,Dryland_Cropland,agricultural soil,7.2,35.67,2.777,28.83,33.97,27.5,38.53,1.32,0.44,7.82,1209,8.917707133655025,2128.529702970297,97.260609230847,soilgrids_imputed,True
846.Fagna24102011Soil12C3,846,Italy,43.984,11.341,0.25,Dryland_Cropland,agricultural soil,7.2,35.67,2.777,28.83,33.97,27.5,38.53,1.32,0.44,7.82,1299,9.098940611180083,2174.357142857143,109.56816441901304,soilgrids_imputed,True
846.Fagna24102011Soil12C4,846,Italy,43.984,11.341,0.35,Dryland_Cropland,agricultural soil,7.2,35.67,2.777,28.83,33.97,27.5,38.53,1.32,0.44,7.82,1145,8.541728880366902,2004.1268292682928,98.09929886487602,soilgrids_imputed,True
846.Fagna24102011Soil14A1,846,Italy,43.984,11.342,0.05,Dryland_Cropland,agricultural soil,7.25,35.8,2.772,28.55,34.5,26.92,38.63,1.332,0.44,7.82,853,8.03877004718995,1592.546153846154,72.6650552919751,soilgrids_imputed,True
846.Fagna24102011Soil14A2,846,Italy,43.984,11.342,0.15,Dryland_Cropland,agricultural soil,7.25,35.8,2.772,28.55,34.5,26.92,38.63,1.332,0.44,7.82,1292,8.967390249162742,2316.662162162162,104.94960675933996,soilgrids_imputed,True
846.Fagna24102011Soil14A3,846,Italy,43.984,11.342,0.25,Dryland_Cropland,agricultural soil,7.25,35.8,2.772,28.55,34.5,26.92,38.63,1.332,0.44,7.82,1280,9.035613109400016,2186.943231441048,104.33259263451394,soilgrids_imputed,True
846.Fagna24102011Soil14A4,846,Italy,43.984,11.342,0.35,Dryland_Cropland,agricultural soil,7.25,35.8,2.772,28.55,34.5,26.92,38.63,1.332,0.44,7.82,1155,8.62255954635479,2076.79274611399,96.79522024707194,soilgrids_imputed,True
846.Fagna24102011Soil14B1,846,Italy,43.984,11.342,0.05,Dryland_Cropland,agricultural soil,7.25,35.8,2.772,28.55,34.5,26.92,38.63,1.332,0.44,7.82,928,8.275426838885176,1453.0180722891564,77.46087372876403,soilgrids_imputed,True
846.Fagna24102011Soil14B2,846,Italy,43.984,11.342,0.15,Dryland_Cropland,agricultural soil,7.25,35.8,2.772,28.55,34.5,26.92,38.63,1.332,0.44,7.82,1229,8.963609586809092,2119.9018691588785,98.25918461967692,soilgrids_imputed,True
846.Fagna24102011Soil14B3,846,Italy,43.984,11.342,0.25,Dryland_Cropland,agricultural soil,7.25,35.8,2.772,28.55,34.5,26.92,38.63,1.332,0.44,7.82,1282,9.097962456220207,2135.5374449339206,105.93952125873096,soilgrids_imputed,True
846.Fagna24102011Soil14B4,846,Italy,43.984,11.342,0.35,Dryland_Cropland,agricultural soil,7.25,35.8,2.772,28.55,34.5,26.92,38.63,1.332,0.44,7.82,1191,8.680333891265018,2176.9329896907216,101.069497240374,soilgrids_imputed,True
846.Fagna24102011Soil14C1,846,Italy,43.984,11.342,0.05,Dryland_Cropland,agricultural soil,7.25,35.8,2.772,28.55,34.5,26.92,38.63,1.332,0.44,7.82,1139,8.833157427936833,1956.0769230769229,91.96823921395912,soilgrids_imputed,True
846.Fagna24102011Soil14C2,846,Italy,43.984,11.342,0.15,Dryland_Cropland,agricultural soil,7.25,35.8,2.772,28.55,34.5,26.92,38.63,1.332,0.44,7.82,1208,8.936066160010308,2238.648351648352,104.70549595806698,soilgrids_imputed,True
846.Fagna24102011Soil14C3,846,Italy,43.984,11.342,0.25,Dryland_Cropland,agricultural soil,7.25,35.8,2.772,28.55,34.5,26.92,38.63,1.332,0.44,7.82,1168,8.856197274810471,2128.8435754189945,96.77058730106796,soilgrids_imputed,True
846.Fagna24102011Soil14C4,846,Italy,43.984,11.342,0.35,Dryland_Cropland,agricultural soil,7.25,35.8,2.772,28.55,34.5,26.92,38.63,1.332,0.44,7.82,1181,8.666300579448707,1974.7605633802807,99.81404151815391,soilgrids_imputed,True
846.Fagna24102011Soil15A1,846,Italy,43.984,11.342,0.05,Dryland_Cropland,agricultural soil,7.25,35.8,2.772,28.55,34.5,26.92,38.63,1.332,0.44,7.82,1001,8.570941685237672,1629.0,82.48351146239497,soilgrids_imputed,True
846.Fagna24102011Soil15A2,846,Italy,43.984,11.342,0.15,Dryland_Cropland,agricultural soil,7.25,35.8,2.772,28.55,34.5,26.92,38.63,1.332,0.44,7.82,1190,8.879272955409988,2059.716346153846,97.97707784726,soilgrids_imputed,True
846.Fagna24102011Soil15A3,846,Italy,43.984,11.342,0.25,Dryland_Cropland,agricultural soil,7.25,35.8,2.772,28.55,34.5,26.92,38.63,1.332,0.44,7.82,1252,8.962187094525067,2264.2772277227723,100.26881099981996,soilgrids_imputed,True
846.Fagna24102011Soil15A4,846,Italy,43.984,11.342,0.35,Dryland_Cropland,agricultural soil,7.25,35.8,2.772,28.55,34.5,26.92,38.63,1.332,0.44,7.82,1021,8.301886506390954,1590.1089108910892,88.60109791018297,soilgrids_imputed,True
846.Fagna24102011Soil15B1,846,Italy,43.984,11.342,0.05,Dryland_Cropland,agricultural soil,7.25,35.8,2.772,28.55,34.5,26.92,38.63,1.332,0.44,7.82,869,7.821342066543036,1706.2033898305085,72.90303197941103,soilgrids_imputed,True
846.Fagna24102011Soil15B2,846,Italy,43.984,11.342,0.15,Dryland_Cropland,agricultural soil,7.25,35.8,2.772,28.55,34.5,26.92,38.63,1.332,0.44,7.82,1248,9.10534743226672,2021.0811965811963,100.467365928659,soilgrids_imputed,True
846.Fagna24102011Soil15B3,846,Italy,43.984,11.342,0.25,Dryland_Cropland,agricultural soil,7.25,35.8,2.772,28.55,34.5,26.92,38.63,1.332,0.44,7.82,1163,8.667658090607347,2120.7593582887703,99.20523009421696,soilgrids_imputed,True
846.Fagna24102011Soil15B4,846,Italy,43.984,11.342,0.35,Dryland_Cropland,agricultural soil,7.25,35.8,2.772,28.55,34.5,26.92,38.63,1.332,0.44,7.82,1141,8.605776822966238,1918.9130434782608,96.110816436529,soilgrids_imputed,True
846.Fagna24102011Soil15C1,846,Italy,43.984,11.342,0.05,Dryland_Cropland,agricultural soil,7.25,35.8,2.772,28.55,34.5,26.92,38.63,1.332,0.44,7.82,1063,8.416567740150949,1891.0054644808747,90.202435306161,soilgrids_imputed,True
846.Fagna24102011Soil15C2,846,Italy,43.984,11.342,0.15,Dryland_Cropland,agricultural soil,7.25,35.8,2.772,28.55,34.5,26.92,38.63,1.332,0.44,7.82,1238,8.961802244459166,2187.635922330097,99.850512431083,soilgrids_imputed,True
846.Fagna24102011Soil15C3,846,Italy,43.984,11.342,0.25,Dryland_Cropland,agricultural soil,7.25,35.8,2.772,28.55,34.5,26.92,38.63,1.332,0.44,7.82,1254,8.947925733585036,2207.0405405405404,101.459639165647,soilgrids_imputed,True
846.Fagna24102011Soil15C4,846,Italy,43.984,11.342,0.35,Dryland_Cropland,agricultural soil,7.25,35.8,2.772,28.55,34.5,26.92,38.63,1.332,0.44,7.82,1227,8.787261032175905,2181.047846889952,102.33114634920996,soilgrids_imputed,True
846.Fagna24102011Soil4A1,846,Italy,43.985,11.342,0.05,Dryland_Cropland,agricultural soil,7.22,35.6,2.908,28.23,34.17,26.67,39.19,1.328,0.44,7.82,1275,9.161465414982771,2187.45945945946,100.06158187282996,soilgrids_imputed,True
846.Fagna24102011Soil4A2,846,Italy,43.985,11.342,0.15,Dryland_Cropland,agricultural soil,7.22,35.6,2.908,28.23,34.17,26.67,39.19,1.328,0.44,7.82,1339,9.041217468306607,2461.2652173913048,109.550767971485,soilgrids_imputed,True
846.Fagna24102011Soil4A3,846,Italy,43.985,11.342,0.25,Dryland_Cropland,agricultural soil,7.22,35.6,2.908,28.23,34.17,26.67,39.19,1.328,0.44,7.82,1206,8.849771636004581,2147.4693877551017,99.06889205203298,soilgrids_imputed,True
846.Fagna24102011Soil4A4,846,Italy,43.985,11.342,0.35,Dryland_Cropland,agricultural soil,7.22,35.6,2.908,28.23,34.17,26.67,39.19,1.328,0.44,7.82,970,7.842344830284648,1743.45625,85.381198578819,soilgrids_imputed,True
846.Fagna24102011Soil4B1,846,Italy,43.985,11.342,0.05,Dryland_Cropland,agricultural soil,7.22,35.6,2.908,28.23,34.17,26.67,39.19,1.328,0.44,7.82,1098,8.636729342876082,2021.4057142857143,88.42891132841616,soilgrids_imputed,True
846.Fagna24102011Soil4B2,846,Italy,43.985,11.342,0.15,Dryland_Cropland,agricultural soil,7.22,35.6,2.908,28.23,34.17,26.67,39.19,1.328,0.44,7.82,1296,8.940690583875371,2424.6743119266057,103.93674397637604,soilgrids_imputed,True
846.Fagna24102011Soil4B3,846,Italy,43.985,11.342,0.25,Dryland_Cropland,agricultural soil,7.22,35.6,2.908,28.23,34.17,26.67,39.19,1.328,0.44,7.82,1148,8.639546229642018,1933.833333333333,96.70410557537409,soilgrids_imputed,True
846.Fagna24102011Soil4B4,846,Italy,43.985,11.342,0.35,Dryland_Cropland,agricultural soil,7.22,35.6,2.908,28.23,34.17,26.67,39.19,1.328,0.44,7.82,1071,8.337711799023964,1891.5,91.51559828385297,soilgrids_imputed,True
846.Fagna24102011Soil4C1,846,Italy,43.985,11.342,0.05,Dryland_Cropland,agricultural soil,7.22,35.6,2.908,28.23,34.17,26.67,39.19,1.328,0.44,7.82,993,8.490174167864627,1731.0621118012425,77.85145541279411,soilgrids_imputed,True
846.Fagna24102011Soil4C2,846,Italy,43.985,11.342,0.15,Dryland_Cropland,agricultural soil,7.22,35.6,2.908,28.23,34.17,26.67,39.19,1.328,0.44,7.82,1202,8.770477022836397,1949.7869565217395,103.00914172144098,soilgrids_imputed,True
846.Fagna24102011Soil4C3,846,Italy,43.985,11.342,0.25,Dryland_Cropland,agricultural soil,7.22,35.6,2.908,28.23,34.17,26.67,39.19,1.328,0.44,7.82,1155,8.567391469561885,2007.5276381909548,100.429029078804,soilgrids_imputed,True
846.Fagna24102011Soil4C4,846,Italy,43.985,11.342,0.35,Dryland_Cropland,agricultural soil,7.22,35.6,2.908,28.23,34.17,26.67,39.19,1.328,0.44,7.82,1054,8.262237983729504,1856.5,91.293403324484,soilgrids_imputed,True
1001.SKB1,1001,United States of America,33.194,-117.241,0.15,Dryland_Cropland,agricultural soil,6.94,,,,,,,,0.74,16.74,945,8.743574391209826,1100.6818181818182,67.63791736999704,measured,False
1001.SKB2,1001,United States of America,33.194,-117.241,0.15,Dryland_Cropland,agricultural soil,6.94,,,,,,,,0.74,16.74,1032,8.927291254967319,1230.2045454545455,76.68284283983196,measured,False
1001.SKB3,1001,United States of America,33.194,-117.241,0.15,Dryland_Cropland,agricultural soil,6.94,,,,,,,,0.74,16.74,1019,8.738986907135427,1333.3333333333333,77.62520831910801,measured,False
1001.SKB4,1001,United States of America,33.194,-117.241,0.15,Dryland_Cropland,plant-associated habitat,6.94,,,,,,,,0.74,16.74,851,8.168275910058851,1032.1138613861383,65.73369416250999,measured,False
1001.SKB5,1001,United States of America,33.194,-117.241,0.15,Dryland_Cropland,plant-associated habitat,6.94,,,,,,,,0.74,16.74,814,8.31208557761131,890.2394957983194,62.63983737304703,measured,False
1001.SKB6,1001,United States of America,33.194,-117.241,0.15,Dryland_Cropland,plant-associated habitat,6.94,,,,,,,,0.74,16.74,828,8.368103088341126,940.1739130434784,61.41685681933201,measured,False
1001.SKD2,1001,United States of America,33.194,-117.241,0.15,Dryland_Cropland,agricultural soil,6.8,,,,,,,,0.74,16.74,824,8.489379905508175,979.3666666666666,60.79826964089999,measured,False
1001.SKD3,1001,United States of America,33.194,-117.241,0.15,Dryland_Cropland,agricultural soil,6.8,,,,,,,,0.74,16.74,949,8.744181739278476,1210.279411764706,70.33730802024,measured,False
1001.SKD6,1001,United States of America,33.194,-117.241,0.15,Dryland_Cropland,plant-associated habitat,6.8,,,,,,,,0.74,16.74,1067,8.844899307384752,1466.2857142857142,81.92478940564601,measured,False
1001.SKM1,1001,United States of America,33.194,-117.241,0.15,Dryland_Cropland,agricultural soil,6.82,,,,,,,,0.74,16.74,862,8.603413097652696,946.3056768558954,64.37475972258204,measured,False
1001.SKM2,1001,United States of America,33.194,-117.241,0.15,Dryland_Cropland,agricultural soil,6.82,,,,,,,,0.74,16.74,865,8.651495149871037,941.7196652719664,61.27283782439304,measured,False
1001.SKM3,1001,United States of America,33.194,-117.241,0.15,Dryland_Cropland,agricultural soil,6.82,,,,,,,,0.74,16.74,1045,8.869590895691854,1281.6896551724135,78.71310778313001,measured,False
1001.SKM4,1001,United States of America,33.194,-117.241,0.15,Dryland_Cropland,plant-associated habitat,6.82,,,,,,,,0.74,16.74,733,8.121602194856779,809.8439024390243,60.13875061891302,measured,False
1001.SKM5,1001,United States of America,33.194,-117.241,0.15,Dryland_Cropland,plant-associated habitat,6.82,,,,,,,,0.74,16.74,822,8.460883078354666,962.5206185567008,64.295644858863,measured,False
1024.RU006.C181.RH.5.596.bulk.4.12.G1.L00,1024,United States of America,41.00935,-72.49416,6.0,Dryland_Cropland,vineyard,6.22,49.73,4.65,18.53,13.0,50.87,36.1,1.333,0.58,8.84,1144,9.359142079859623,1197.4193548387098,82.0115617418371,measured,False
1024.RU006.C181.RH.4.591.bulk.4.12.G1.L00,1024,United States of America,41.00935,-72.49416,6.0,Dryland_Cropland,vineyard,6.4,49.73,4.65,18.53,13.0,50.87,36.1,1.333,0.58,8.84,1192,9.432956482208173,1299.25,87.41069673427998,measured,False
1024.RU006.C181.RH.3.586.bulk.4.12.G1.L00,1024,United States of America,41.00935,-72.49416,6.0,Dryland_Cropland,vineyard,6.41,49.73,4.65,18.53,13.0,50.87,36.1,1.333,0.58,8.84,1105,9.181819809421564,1156.4066496163682,78.96901506830106,measured,False
1024.RU006.C181.RH.1.576.bulk.4.12.G1.L00,1024,United States of America,41.00935,-72.49416,6.0,Dryland_Cropland,vineyard,6.43,49.73,4.65,18.53,13.0,50.87,36.1,1.333,0.58,8.84,1074,9.168756591150313,1138.3813559322036,79.13069612726714,measured,False
1024.HE003.C181.HA.1.551.bulk.4.12.G1.L00,1024,United States of America,41.01025,-72.53058,6.0,Dryland_Cropland,vineyard,6.76,41.23,3.712,14.8,11.12,53.88,35.0,1.368,0.58,8.84,987,8.907835358310033,1042.151975683891,79.4735063043921,measured,False
1024.SH008.C6.HA.5.546.bulk.4.12.G1.L00,1024,United States of America,41.01441,-72.52852,6.0,Dryland_Cropland,vineyard,7.04,42.87,3.93,15.33,11.3,54.17,34.6,1.373,0.57,8.4,1051,9.28483788378226,1080.4084507042253,78.22808838644798,measured,False
1024.SH008.C6.HA.4.541.bulk.4.12.G1.L00,1024,United States of America,41.01441,-72.52852,6.0,Dryland_Cropland,vineyard,7.14,42.87,3.93,15.33,11.3,54.17,34.6,1.373,0.57,8.4,1063,9.138671200899482,1098.2083333333333,79.58881448165397,measured,False
1024.SH008.C6.HA.2.531.bulk.4.12.G1.L00,1024,United States of America,41.01441,-72.52852,6.0,Dryland_Cropland,vineyard,6.88,42.87,3.93,15.33,11.3,54.17,34.6,1.373,0.57,8.4,1051,8.91698589699967,1119.5263157894738,79.81768197916294,measured,False
1024.SH008.C6.HA.1.526.bulk.4.12.G1.L00,1024,United States of America,41.01441,-72.52852,6.0,Dryland_Cropland,vineyard,7.11,42.87,3.93,15.33,11.3,54.17,34.6,1.373,0.57,8.4,1080,9.316976225530892,1105.0275,82.67615569329402,measured,False
1024.MU002.C3.HA.3.486.bulk.4.12.G1.L00,1024,United States of America,41.06283,-72.45028,6.0,Dryland_Cropland,vineyard,7.22,90.3,5.893,19.33,10.73,51.57,37.7,1.34,0.58,8.84,1132,9.21746439238518,1196.4609375,88.929107742772,measured,False
1024.MU002.C3.HA.1.476.bulk.4.12.G1.L00,1024,United States of America,41.06283,-72.45028,6.0,Dryland_Cropland,vineyard,7.14,90.3,5.893,19.33,10.73,51.57,37.7,1.34,0.58,8.84,1133,9.296091262754544,1192.5024038461538,88.77343125050794,measured,False
1024.SH005.C3.RH.4.466.bulk.4.12.G1.L00,1024,United States of America,41.01534,-72.52808,6.0,Dryland_Cropland,vineyard,7.27,45.62,3.955,15.0,11.4,54.65,33.98,1.372,0.57,8.4,1152,9.415962207400511,1197.5498783454989,87.70017647325491,measured,False
1024.SH005.C3.RH.2.456.bulk.4.12.G1.L00,1024,United States of America,41.01534,-72.52808,6.0,Dryland_Cropland,vineyard,7.14,45.62,3.955,15.0,11.4,54.65,33.98,1.372,0.57,8.4,1142,9.386585747389685,1190.75,85.09015388479507,measured,False
1024.RU006.C181.RH.4.391.bulk.9.11.G1.L00,1024,United States of America,41.00938,-72.49425,6.0,Dryland_Cropland,vineyard,6.55,49.73,4.65,18.53,13.0,50.87,36.1,1.333,0.57,21.63,1187,9.42583759902018,1261.6269035532996,83.7264457676401,measured,False
1024.HE003.C181.HA.5.371.bulk.9.11.G1.L00,1024,United States of America,41.01025,-72.53058,6.0,Dryland_Cropland,vineyard,6.71,41.23,3.712,14.8,11.12,53.88,35.0,1.368,0.57,21.63,969,9.00234774176891,982.3245382585752,75.35605095037398,measured,False
1024.DPOO1.C1.HA.5.246.bulk.9.11.G1.L00,1024,United States of America,41.02534,-72.46171,6.0,Dryland_Cropland,vineyard,6.8,51.92,4.994,18.55,11.38,48.51,40.11,1.332,0.56,22.05,1081,9.274823732593113,1098.4939759036145,85.89071704888201,measured,False
1024.DPOO1.C1.HA.2.231.bulk.9.11.G1.L00,1024,United States of America,41.02536,-72.46175,6.0,Dryland_Cropland,vineyard,6.81,53.35,5.072,18.3,11.43,48.28,40.28,1.33,0.56,22.05,1144,9.29962264765786,1196.9367088607594,90.60880564709896,measured,False
1024.DPOO1.C1.HA.1.226.bulk.9.11.G1.L00,1024,United States of America,41.02531,-72.46175,6.0,Dryland_Cropland,vineyard,6.57,51.92,4.994,18.55,11.38,48.51,40.11,1.332,0.56,22.05,1064,9.219381316637293,1083.372881355932,85.61373121829398,measured,False
1024.SH004.C1.RH.3.211.bulk.9.11.G1.L00,1024,United States of America,41.01508,-72.52853,6.0,Dryland_Cropland,vineyard,7.42,45.62,3.955,15.0,11.4,54.65,33.98,1.372,0.57,21.63,1265,9.47457951371042,1402.0598086124403,95.40914440369092,measured,False
1024.SH005.C3.RH.5.57.bulk.6.11.G1.L00,1024,United States of America,41.01525,-72.52803,6.0,Dryland_Cropland,vineyard,7.25,45.62,3.955,15.0,11.4,54.65,33.98,1.372,0.5,21.0,1116,9.336646756765557,1142.1891891891894,80.48131672896801,measured,False
1024.SH004.C1.RH.1.1.bulk.6.11.G1.L00,1024,United States of America,41.015,-72.52847,6.0,Dryland_Cropland,vineyard,7.39,45.62,3.955,15.0,11.4,54.65,33.98,1.372,0.5,21.0,1093,9.336004374256731,1131.204787234043,79.77421685508497,measured,False
1043.Start.Hopland.20C.T0.04,1043,United States of America,38.99,-123.07,0.085,Dryland_Cropland,grassland soil,6.05,24.83,1.853,23.88,20.52,37.35,42.13,1.439,0.91,3.97,787,7.100106204106718,1448.675,66.59645217897311,soilgrids_imputed,True
1043.Start.Hopland.20C.T0.03,1043,United States of America,38.99,-123.07,0.085,Dryland_Cropland,grassland soil,6.05,24.83,1.853,23.88,20.52,37.35,42.13,1.439,0.91,3.97,906,7.4199937254363055,1632.7947019867552,77.98802470503405,soilgrids_imputed,True
1043.Start.Hopland.14C.T0.02,1043,United States of America,38.99,-123.07,0.085,Dryland_Cropland,grassland soil,6.05,24.83,1.853,23.88,20.52,37.35,42.13,1.439,0.91,3.97,814,6.967868670126455,1435.007299270073,68.54847299220809,soilgrids_imputed,True
1043.Start.Hopland.14C.T0.01,1043,United States of America,38.99,-123.07,0.085,Dryland_Cropland,grassland soil,6.05,24.83,1.853,23.88,20.52,37.35,42.13,1.439,0.91,3.97,844,6.709807008435148,1536.5774647887326,72.45150134472412,soilgrids_imputed,True
1043.Hopland.20C.Wood.TP1.04,1043,United States of America,38.99,-123.07,0.085,Dryland_Cropland,grassland soil,6.05,24.83,1.853,23.88,20.52,37.35,42.13,1.439,0.93,8.27,901,7.596475439290956,1636.2094594594596,73.38747739051712,soilgrids_imputed,True
1043.Hopland.20C.Wood.TP1.03,1043,United States of America,38.99,-123.07,0.085,Dryland_Cropland,grassland soil,6.05,24.83,1.853,23.88,20.52,37.35,42.13,1.439,0.93,8.27,912,7.6976683675901585,1582.852564102564,74.27561913787406,soilgrids_imputed,True
1043.Hopland.20C.Wood.TP1.02,1043,United States of America,38.99,-123.07,0.085,Dryland_Cropland,grassland soil,6.05,24.83,1.853,23.88,20.52,37.35,42.13,1.439,0.93,8.27,818,7.286483604821094,1500.7903225806451,69.4902489729791,soilgrids_imputed,True
1043.Hopland.20C.Wood.TP1.01,1043,United States of America,38.99,-123.07,0.085,Dryland_Cropland,grassland soil,6.05,24.83,1.853,23.88,20.52,37.35,42.13,1.439,0.93,8.27,803,7.361129826151779,1505.125,68.6832712587741,soilgrids_imputed,True
1043.Hopland.20C.Control.TP1.04,1043,United States of America,38.99,-123.07,0.085,Dryland_Cropland,grassland soil,6.05,24.83,1.853,23.88,20.52,37.35,42.13,1.439,0.93,8.27,932,7.285715887344144,1724.225,76.106309114636,soilgrids_imputed,True
1043.Hopland.20C.Control.TP1.03,1043,United States of America,38.99,-123.07,0.085,Dryland_Cropland,grassland soil,6.05,24.83,1.853,23.88,20.52,37.35,42.13,1.439,0.93,8.27,868,7.574167469220659,1600.7894736842104,75.1101856998941,soilgrids_imputed,True
1043.Hopland.20C.Control.TP1.02,1043,United States of America,38.99,-123.07,0.085,Dryland_Cropland,grassland soil,6.05,24.83,1.853,23.88,20.52,37.35,42.13,1.439,0.93,8.27,876,7.3325722605112835,1635.7183098591547,73.96512442505097,soilgrids_imputed,True
1043.Hopland.20C.Control.TP1.01,1043,United States of America,38.99,-123.07,0.085,Dryland_Cropland,grassland soil,6.05,24.83,1.853,23.88,20.52,37.35,42.13,1.439,0.93,8.27,838,7.470171174581624,1359.475,70.92367065205406,soilgrids_imputed,True
1043.Hopland.20C.BC.TP1.04,1043,United States of America,38.99,-123.07,0.085,Dryland_Cropland,grassland soil,6.05,24.83,1.853,23.88,20.52,37.35,42.13,1.439,0.93,8.27,847,7.5443515184942465,1412.957446808511,71.25167231146607,soilgrids_imputed,True
1043.Hopland.20C.BC.TP1.03,1043,United States of America,38.99,-123.07,0.085,Dryland_Cropland,grassland soil,6.05,24.83,1.853,23.88,20.52,37.35,42.13,1.439,0.93,8.27,868,7.115416973437139,1579.364238410596,73.3061780029561,soilgrids_imputed,True
1043.Hopland.20C.BC.TP1.02,1043,United States of America,38.99,-123.07,0.085,Dryland_Cropland,grassland soil,6.05,24.83,1.853,23.88,20.52,37.35,42.13,1.439,0.93,8.27,846,7.230021365447768,1687.5079365079364,74.52295889464607,soilgrids_imputed,True
1043.Hopland.20C.BC.TP1.01,1043,United States of America,38.99,-123.07,0.085,Dryland_Cropland,grassland soil,6.05,24.83,1.853,23.88,20.52,37.35,42.13,1.439,0.93,8.27,908,7.231783226280442,1810.6470588235293,79.59058168593009,soilgrids_imputed,True
1043.Hopland.14C.Wood.TP1.04,1043,United States of America,38.99,-123.07,0.085,Dryland_Cropland,grassland soil,6.05,24.83,1.853,23.88,20.52,37.35,42.13,1.439,0.93,8.27,821,7.558076964431922,1569.1404958677683,72.35367272755055,soilgrids_imputed,True
1043.Hopland.14C.Wood.TP1.03,1043,United States of America,38.99,-123.07,0.085,Dryland_Cropland,grassland soil,6.05,24.83,1.853,23.88,20.52,37.35,42.13,1.439,0.93,8.27,933,7.740256655950317,1648.681818181818,80.96874560136807,soilgrids_imputed,True
1043.Hopland.14C.Wood.TP1.02,1043,United States of America,38.99,-123.07,0.085,Dryland_Cropland,grassland soil,6.05,24.83,1.853,23.88,20.52,37.35,42.13,1.439,0.93,8.27,862,7.591936818852349,1603.689393939394,72.60508788044609,soilgrids_imputed,True
1043.Hopland.14C.Wood.TP1.01,1043,United States of America,38.99,-123.07,0.085,Dryland_Cropland,grassland soil,6.05,24.83,1.853,23.88,20.52,37.35,42.13,1.439,0.93,8.27,867,7.774066141862396,1510.5684931506848,70.80164680139413,soilgrids_imputed,True
1043.Hopland.14C.Control.TP1.04,1043,United States of America,38.99,-123.07,0.085,Dryland_Cropland,grassland soil,6.05,24.83,1.853,23.88,20.52,37.35,42.13,1.439,0.93,8.27,966,7.667644599106432,1661.8342857142857,80.15974477957853,soilgrids_imputed,True
1043.Hopland.14C.Control.TP1.03,1043,United States of America,38.99,-123.07,0.085,Dryland_Cropland,grassland soil,6.05,24.83,1.853,23.88,20.52,37.35,42.13,1.439,0.93,8.27,812,7.262708366470152,1462.7954545454545,67.37158672793008,soilgrids_imputed,True
1043.Hopland.14C.Control.TP1.02,1043,United States of America,38.99,-123.07,0.085,Dryland_Cropland,grassland soil,6.05,24.83,1.853,23.88,20.52,37.35,42.13,1.439,0.93,8.27,899,7.38110320032412,1694.44,74.41680149022508,soilgrids_imputed,True
1043.Hopland.14C.Control.TP1.01,1043,United States of America,38.99,-123.07,0.085,Dryland_Cropland,grassland soil,6.05,24.83,1.853,23.88,20.52,37.35,42.13,1.439,0.93,8.27,884,7.196293804008688,1606.6554054054056,76.44632509077509,soilgrids_imputed,True
1043.Hopland.14C.BC.TP1.04,1043,United States of America,38.99,-123.07,0.085,Dryland_Cropland,grassland soil,6.05,24.83,1.853,23.88,20.52,37.35,42.13,1.439,0.93,8.27,819,7.237599889121264,1387.6849315068494,69.81822802605309,soilgrids_imputed,True
1043.Hopland.14C.BC.TP1.03,1043,United States of America,38.99,-123.07,0.085,Dryland_Cropland,grassland soil,6.05,24.83,1.853,23.88,20.52,37.35,42.13,1.439,0.93,8.27,870,7.322968779744272,1595.4545454545455,73.57255249958409,soilgrids_imputed,True
1043.Hopland.14C.BC.TP1.02,1043,United States of America,38.99,-123.07,0.085,Dryland_Cropland,grassland soil,6.05,24.83,1.853,23.88,20.52,37.35,42.13,1.439,0.93,8.27,949,7.581021508063991,1727.7579617834397,79.23046005586707,soilgrids_imputed,True
1043.Hopland.14C.BC.TP1.01,1043,United States of America,38.99,-123.07,0.085,Dryland_Cropland,grassland soil,6.05,24.83,1.853,23.88,20.52,37.35,42.13,1.439,0.93,8.27,903,7.187054894417173,1881.0483870967737,74.53501897946511,soilgrids_imputed,True
1289.KH65,1289,United States of America,31.078,-97.39,0.05,Dryland_Cropland,field,7.0,23.13,2.183,23.27,35.47,28.2,36.33,1.557,0.76,25.9,911,8.129697771950033,1614.6381578947369,79.738762646315,soilgrids_imputed,True
1289.KH64,1289,United States of America,31.078,-97.39,0.05,Dryland_Cropland,field,7.0,23.13,2.183,23.27,35.47,28.2,36.33,1.557,0.76,25.9,914,8.167805030297734,1647.774647887324,81.63822241302094,soilgrids_imputed,True
1289.KH63,1289,United States of America,31.078,-97.39,0.05,Dryland_Cropland,field,7.0,23.13,2.183,23.27,35.47,28.2,36.33,1.557,0.76,25.9,902,8.13374152310427,1654.842105263158,74.00721199664095,soilgrids_imputed,True
1289.KH61,1289,United States of America,31.078,-97.39,0.05,Dryland_Cropland,field,7.0,23.13,2.183,23.27,35.47,28.2,36.33,1.557,0.76,25.9,938,8.308284953229695,1675.6068965517245,80.04656257147703,soilgrids_imputed,True
1289.KH60,1289,United States of America,31.078,-97.39,0.05,Dryland_Cropland,field,7.0,23.13,2.183,23.27,35.47,28.2,36.33,1.557,0.76,25.9,1042,8.518185238252956,1822.017142857143,85.0824935647463,soilgrids_imputed,True
1289.KH59,1289,United States of America,31.078,-97.39,0.05,Dryland_Cropland,field,7.0,23.13,2.183,23.27,35.47,28.2,36.33,1.557,0.76,25.9,879,8.176886088447425,1503.310344827586,75.34449582917496,soilgrids_imputed,True
1289.KH58,1289,United States of America,31.078,-97.39,0.05,Dryland_Cropland,field,7.0,23.13,2.183,23.27,35.47,28.2,36.33,1.557,0.76,25.9,946,8.415539050193356,1445.9431818181818,77.81135512703607,soilgrids_imputed,True
1289.KH57,1289,United States of America,31.078,-97.39,0.05,Dryland_Cropland,field,7.0,23.13,2.183,23.27,35.47,28.2,36.33,1.557,0.76,25.9,861,8.12510595179747,1439.7619047619046,69.92275942093401,soilgrids_imputed,True
1289.KH56,1289,United States of America,31.078,-97.39,0.05,Dryland_Cropland,field,7.0,23.13,2.183,23.27,35.47,28.2,36.33,1.557,0.76,25.9,860,8.178867121669171,1396.93661971831,72.56395698384597,soilgrids_imputed,True
1289.KH55,1289,United States of America,31.078,-97.39,0.05,Dryland_Cropland,field,7.0,23.13,2.183,23.27,35.47,28.2,36.33,1.557,0.76,25.9,903,8.298329293272737,1531.5422535211271,72.97628333460601,soilgrids_imputed,True
1289.KH54,1289,United States of America,31.078,-97.39,0.05,Dryland_Cropland,field,7.0,23.13,2.183,23.27,35.47,28.2,36.33,1.557,0.76,25.9,1087,8.451243346556609,2024.6420454545453,91.73199448322995,soilgrids_imputed,True
1289.KH53,1289,United States of America,31.078,-97.39,0.05,Dryland_Cropland,field,7.0,23.13,2.183,23.27,35.47,28.2,36.33,1.557,0.76,25.9,1039,8.695281010730566,1949.02,80.59608026267102,soilgrids_imputed,True
1289.KH52,1289,United States of America,31.078,-97.39,0.05,Dryland_Cropland,field,7.0,23.13,2.183,23.27,35.47,28.2,36.33,1.557,0.76,25.9,874,8.15939379253801,1451.0890410958905,74.51618329502803,soilgrids_imputed,True
1289.KH51,1289,United States of America,31.078,-97.39,0.05,Dryland_Cropland,field,7.0,23.13,2.183,23.27,35.47,28.2,36.33,1.557,0.76,25.9,1001,8.401939289012601,1653.901098901099,85.27680617188501,soilgrids_imputed,True
1289.KH50,1289,United States of America,31.078,-97.39,0.05,Dryland_Cropland,field,7.0,23.13,2.183,23.27,35.47,28.2,36.33,1.557,0.76,25.9,966,8.34324671076449,1563.221590909091,77.207429012253,soilgrids_imputed,True
1289.KH49,1289,United States of America,31.078,-97.39,0.05,Dryland_Cropland,field,7.0,23.13,2.183,23.27,35.47,28.2,36.33,1.557,0.76,25.9,909,8.329754735940178,1540.6041666666663,72.93090433691502,soilgrids_imputed,True
1289.KH48,1289,United States of America,31.078,-97.39,0.05,Dryland_Cropland,field,7.0,23.13,2.183,23.27,35.47,28.2,36.33,1.557,0.76,25.9,888,8.028326994803944,1510.75,74.57266172888401,soilgrids_imputed,True
1289.KH47,1289,United States of America,31.078,-97.39,0.05,Dryland_Cropland,field,7.0,23.13,2.183,23.27,35.47,28.2,36.33,1.557,0.76,25.9,909,8.07334079471506,1524.3148148148148,75.64143500176397,soilgrids_imputed,True
1289.KH46,1289,United States of America,31.078,-97.39,0.05,Dryland_Cropland,field,7.0,23.13,2.183,23.27,35.47,28.2,36.33,1.557,0.76,25.9,883,8.15508193674511,1520.5,75.36604463725897,soilgrids_imputed,True
1289.KH45,1289,United States of America,31.078,-97.39,0.05,Dryland_Cropland,field,7.0,23.13,2.183,23.27,35.47,28.2,36.33,1.557,0.76,25.9,937,8.232269483370205,1675.364864864865,78.50526250469595,soilgrids_imputed,True
1289.KH44,1289,United States of America,31.078,-97.39,0.05,Dryland_Cropland,field,7.0,23.13,2.183,23.27,35.47,28.2,36.33,1.557,0.76,25.9,968,8.2414316816485,1643.75,81.34467542597501,soilgrids_imputed,True
1289.KH43,1289,United States of America,31.078,-97.39,0.05,Dryland_Cropland,field,7.0,23.13,2.183,23.27,35.47,28.2,36.33,1.557,0.76,25.9,850,8.029112080262157,1459.4615384615383,72.42812868073608,soilgrids_imputed,True
1289.KH42,1289,United States of America,31.078,-97.39,0.05,Dryland_Cropland,field,7.0,23.13,2.183,23.27,35.47,28.2,36.33,1.557,0.76,25.9,886,8.250548201213206,1448.5208333333337,69.469655338196,soilgrids_imputed,True
1289.KH41,1289,United States of America,31.078,-97.39,0.05,Dryland_Cropland,field,7.0,23.13,2.183,23.27,35.47,28.2,36.33,1.557,0.76,25.9,942,8.152319738884222,1557.72625698324,79.96262303918998,soilgrids_imputed,True
1289.KH40,1289,United States of America,31.078,-97.39,0.05,Dryland_Cropland,field,7.0,23.13,2.183,23.27,35.47,28.2,36.33,1.557,0.76,25.9,960,8.276214905072115,1892.0294117647047,79.79899920060998,soilgrids_imputed,True
1289.KH39,1289,United States of America,31.078,-97.39,0.05,Dryland_Cropland,field,7.0,23.13,2.183,23.27,35.47,28.2,36.33,1.557,0.76,25.9,961,8.453402618977714,1577.0060975609756,80.02346181636702,soilgrids_imputed,True
1289.KH38,1289,United States of America,31.078,-97.39,0.05,Dryland_Cropland,field,7.0,23.13,2.183,23.27,35.47,28.2,36.33,1.557,0.76,25.9,944,8.322615286344263,1585.512048192771,84.75427572414601,soilgrids_imputed,True
1289.KH37,1289,United States of America,31.078,-97.39,0.05,Dryland_Cropland,field,7.0,23.13,2.183,23.27,35.47,28.2,36.33,1.557,0.76,25.9,1002,8.311020844594704,1756.5914634146343,83.38114213374496,soilgrids_imputed,True
1289.KH36,1289,United States of America,31.078,-97.39,0.05,Dryland_Cropland,field,7.0,23.13,2.183,23.27,35.47,28.2,36.33,1.557,0.76,25.9,940,8.396816883740227,1499.0,82.136968620936,soilgrids_imputed,True
1289.KH35,1289,United States of America,31.078,-97.39,0.05,Dryland_Cropland,field,7.0,23.13,2.183,23.27,35.47,28.2,36.33,1.557,0.76,25.9,1059,8.534015103961064,1918.5771428571427,88.35664485120392,soilgrids_imputed,True
1289.KH34,1289,United States of America,31.078,-97.39,0.05,Dryland_Cropland,field,7.0,23.13,2.183,23.27,35.47,28.2,36.33,1.557,0.76,25.9,1029,8.398222923355386,1921.78125,84.99157898333596,soilgrids_imputed,True
1289.KH33,1289,United States of America,31.078,-97.39,0.05,Dryland_Cropland,field,7.0,23.13,2.183,23.27,35.47,28.2,36.33,1.557,0.76,25.9,1017,8.551513839742396,1703.284090909091,88.02850326054897,soilgrids_imputed,True
1289.KH32,1289,United States of America,31.078,-97.39,0.05,Dryland_Cropland,field,7.0,23.13,2.183,23.27,35.47,28.2,36.33,1.557,0.76,25.9,944,8.30057333081438,1537.462962962963,76.84407411120598,soilgrids_imputed,True
1289.KH31,1289,United States of America,31.078,-97.39,0.05,Dryland_Cropland,field,7.0,23.13,2.183,23.27,35.47,28.2,36.33,1.557,0.76,25.9,935,8.231961080141785,1577.8117647058823,78.50288331015696,soilgrids_imputed,True
1289.KH30,1289,United States of America,31.078,-97.39,0.05,Dryland_Cropland,field,7.0,23.13,2.183,23.27,35.47,28.2,36.33,1.557,0.76,25.9,939,8.272993474599637,1660.7922077922076,79.692455265901,soilgrids_imputed,True
1289.KH29,1289,United States of America,31.078,-97.39,0.05,Dryland_Cropland,field,7.0,23.13,2.183,23.27,35.47,28.2,36.33,1.557,0.76,25.9,995,8.383590752806487,1669.7821229050278,80.65803414739827,soilgrids_imputed,True
1289.KH28,1289,United States of America,31.078,-97.39,0.05,Dryland_Cropland,field,7.0,23.13,2.183,23.27,35.47,28.2,36.33,1.557,0.76,25.9,914,8.068644749738867,1494.321637426901,77.6288769113805,soilgrids_imputed,True
1289.KH27,1289,United States of America,31.078,-97.39,0.05,Dryland_Cropland,field,7.0,23.13,2.183,23.27,35.47,28.2,36.33,1.557,0.76,25.9,952,8.33354735619771,1648.0,76.44345427337494,soilgrids_imputed,True
1289.KH26,1289,United States of America,31.078,-97.39,0.05,Dryland_Cropland,field,7.0,23.13,2.183,23.27,35.47,28.2,36.33,1.557,0.76,25.9,919,8.22275380918555,1650.8391608391607,78.32552450855094,soilgrids_imputed,True
1289.KH25,1289,United States of America,31.078,-97.39,0.05,Dryland_Cropland,field,7.0,23.13,2.183,23.27,35.47,28.2,36.33,1.557,0.76,25.9,951,8.375641734645262,1785.75,77.79980803240494,soilgrids_imputed,True
1289.KH24,1289,United States of America,31.078,-97.39,0.05,Dryland_Cropland,field,7.0,23.13,2.183,23.27,35.47,28.2,36.33,1.557,0.76,25.9,979,8.234520772327134,1611.8395721925135,82.128549331997,soilgrids_imputed,True
1289.KH23,1289,United States of America,31.078,-97.39,0.05,Dryland_Cropland,field,7.0,23.13,2.183,23.27,35.47,28.2,36.33,1.557,0.76,25.9,1017,8.33129113611888,1780.6206896551723,84.022192028267,soilgrids_imputed,True
1289.KH22,1289,United States of America,31.078,-97.39,0.05,Dryland_Cropland,field,7.0,23.13,2.183,23.27,35.47,28.2,36.33,1.557,0.76,25.9,949,8.366456353272067,1682.774647887324,79.06234115376499,soilgrids_imputed,True
1289.KH21,1289,United States of America,31.078,-97.39,0.05,Dryland_Cropland,field,7.0,23.13,2.183,23.27,35.47,28.2,36.33,1.557,0.76,25.9,975,8.248858104054495,1546.9411764705883,73.78655582287203,soilgrids_imputed,True
1289.KH20,1289,United States of America,31.078,-97.39,0.05,Dryland_Cropland,field,7.0,23.13,2.183,23.27,35.47,28.2,36.33,1.557,0.76,25.9,1084,8.631849260473789,1944.9375,92.78776397122698,soilgrids_imputed,True
1289.KH19,1289,United States of America,31.078,-97.39,0.05,Dryland_Cropland,field,7.0,23.13,2.183,23.27,35.47,28.2,36.33,1.557,0.76,25.9,1100,8.514340608375537,1884.2835820895525,90.92560643816496,soilgrids_imputed,True
1289.KH18,1289,United States of America,31.078,-97.39,0.05,Dryland_Cropland,field,7.0,23.13,2.183,23.27,35.47,28.2,36.33,1.557,0.76,25.9,1082,8.49099357372696,2029.782122905028,90.93221031652897,soilgrids_imputed,True
1289.KH17,1289,United States of America,31.078,-97.39,0.05,Dryland_Cropland,field,7.0,23.13,2.183,23.27,35.47,28.2,36.33,1.557,0.76,25.9,1016,8.558231987857411,1845.6428571428569,82.48232079652297,soilgrids_imputed,True
1289.KH16,1289,United States of America,31.078,-97.39,0.05,Dryland_Cropland,field,7.0,23.13,2.183,23.27,35.47,28.2,36.33,1.557,0.76,25.9,957,8.282575746515286,1561.8360655737704,77.66079258143009,soilgrids_imputed,True
1289.KH15,1289,United States of America,31.078,-97.39,0.05,Dryland_Cropland,field,7.0,23.13,2.183,23.27,35.47,28.2,36.33,1.557,0.76,25.9,984,8.354886398271265,1823.533783783784,82.39032417169099,soilgrids_imputed,True
1289.KH14,1289,United States of America,31.078,-97.39,0.05,Dryland_Cropland,field,7.0,23.13,2.183,23.27,35.47,28.2,36.33,1.557,0.76,25.9,1032,8.449256902941537,1795.5348837209306,88.28211069067603,soilgrids_imputed,True
1289.KH13,1289,United States of America,31.078,-97.39,0.05,Dryland_Cropland,field,7.0,23.13,2.183,23.27,35.47,28.2,36.33,1.557,0.76,25.9,1040,8.510817856309462,1821.534090909091,86.49272382706297,soilgrids_imputed,True
1289.KH12,1289,United States of America,31.078,-97.39,0.05,Dryland_Cropland,field,7.0,23.13,2.183,23.27,35.47,28.2,36.33,1.557,0.76,25.9,972,8.37889539832452,1744.2857142857142,78.68570631050997,soilgrids_imputed,True
1289.KH11,1289,United States of America,31.078,-97.39,0.05,Dryland_Cropland,field,7.0,23.13,2.183,23.27,35.47,28.2,36.33,1.557,0.76,25.9,1021,8.472382595699,1685.4438502673795,85.31117804921395,soilgrids_imputed,True
1289.KH10,1289,United States of America,31.078,-97.39,0.05,Dryland_Cropland,field,7.0,23.13,2.183,23.27,35.47,28.2,36.33,1.557,0.76,25.9,953,8.076928904865508,1813.8791946308725,84.58911689852195,soilgrids_imputed,True
1289.KH9,1289,United States of America,31.078,-97.39,0.05,Dryland_Cropland,field,7.0,23.13,2.183,23.27,35.47,28.2,36.33,1.557,0.76,25.9,876,7.930119161208352,1525.5205479452054,73.21826608291201,soilgrids_imputed,True
1289.KH8,1289,United States of America,31.078,-97.39,0.05,Dryland_Cropland,field,7.0,23.13,2.183,23.27,35.47,28.2,36.33,1.557,0.76,25.9,1000,8.233448637951813,1970.2,89.83529805879098,soilgrids_imputed,True
1289.KH7,1289,United States of America,31.078,-97.39,0.05,Dryland_Cropland,field,7.0,23.13,2.183,23.27,35.47,28.2,36.33,1.557,0.76,25.9,1000,8.263418297031118,1820.5149700598804,86.24021471122097,soilgrids_imputed,True
1289.KH6,1289,United States of America,31.078,-97.39,0.05,Dryland_Cropland,field,7.0,23.13,2.183,23.27,35.47,28.2,36.33,1.557,0.76,25.9,1001,8.411797373328495,1740.63125,78.42684649132299,soilgrids_imputed,True
1289.KH4,1289,United States of America,31.078,-97.39,0.05,Dryland_Cropland,field,7.0,23.13,2.183,23.27,35.47,28.2,36.33,1.557,0.76,25.9,927,8.383102394400748,1664.4087591240875,73.17638426418402,soilgrids_imputed,True
1289.KH3,1289,United States of America,31.078,-97.39,0.05,Dryland_Cropland,field,7.0,23.13,2.183,23.27,35.47,28.2,36.33,1.557,0.76,25.9,1011,8.199505579536238,1902.836363636364,86.44748940631011,soilgrids_imputed,True
1289.KH2,1289,United States of America,31.078,-97.39,0.05,Dryland_Cropland,field,7.0,23.13,2.183,23.27,35.47,28.2,36.33,1.557,0.76,25.9,999,8.151484728811779,1761.017543859649,83.42072036961893,soilgrids_imputed,True
1289.KH1,1289,United States of America,31.078,-97.39,0.05,Dryland_Cropland,field,7.0,23.13,2.183,23.27,35.47,28.2,36.33,1.557,0.76,25.9,984,8.09293788103002,1918.5194805194808,84.51878890859595,soilgrids_imputed,True
1642.MS00320,1642,Japan,35.117,138.937,,Wetland_Paddy,alluvial paddy field soil,5.44,43.88,2.607,20.72,33.81,35.62,30.57,1.169,0.86,25.74,1957,10.170197223013234,3787.204081632653,176.6485511958989,soilgrids_imputed,True
1642.MS00319,1642,Japan,35.117,138.937,,Wetland_Paddy,alluvial paddy field soil,5.44,43.88,2.607,20.72,33.81,35.62,30.57,1.169,0.86,25.74,1933,10.207387291007509,3473.366391184573,170.6736771687385,soilgrids_imputed,True
1642.MS00318,1642,Japan,35.117,138.937,,Wetland_Paddy,alluvial paddy field soil,5.44,43.88,2.607,20.72,33.81,35.62,30.57,1.169,0.86,25.74,1944,10.226150405323711,3639.571428571429,169.73867757471598,soilgrids_imputed,True
1642.MS00317,1642,Japan,35.117,138.937,,Wetland_Paddy,alluvial paddy field soil,5.44,43.88,2.607,20.72,33.81,35.62,30.57,1.169,0.86,25.74,1966,10.202323132132769,3971.509202453988,177.94786375842727,soilgrids_imputed,True
1642.MS00315,1642,Japan,35.117,138.937,,Wetland_Paddy,alluvial paddy field soil,5.44,43.88,2.607,20.72,33.81,35.62,30.57,1.169,0.86,25.74,1961,10.199717080365966,3686.8174386920978,180.0411620848515,soilgrids_imputed,True
1642.MS00314,1642,Japan,35.117,138.937,,Wetland_Paddy,alluvial paddy field soil,5.44,43.88,2.607,20.72,33.81,35.62,30.57,1.169,0.86,25.74,1775,9.946208842425246,3372.1553398058254,162.334264546162,soilgrids_imputed,True
1642.MS00313,1642,Japan,35.117,138.937,,Wetland_Paddy,alluvial paddy field soil,5.44,43.88,2.607,20.72,33.81,35.62,30.57,1.169,0.86,25.74,1982,10.231716581756691,3792.8988764044952,176.27035699956906,soilgrids_imputed,True
1642.MS00312,1642,Japan,35.117,138.937,,Wetland_Paddy,alluvial paddy field soil,5.44,43.88,2.607,20.72,33.81,35.62,30.57,1.169,0.86,25.74,1966,10.235196986766953,3656.3098591549287,178.25235914946,soilgrids_imputed,True
1642.MS00311,1642,Japan,35.117,138.937,,Wetland_Paddy,alluvial paddy field soil,5.44,43.88,2.607,20.72,33.81,35.62,30.57,1.169,0.86,25.74,1921,10.173338684832212,3508.2160664819944,166.95826964161395,soilgrids_imputed,True
1642.MS00310,1642,Japan,35.117,138.937,,Wetland_Paddy,alluvial paddy field soil,5.44,43.88,2.607,20.72,33.81,35.62,30.57,1.169,0.86,25.74,1806,10.00684159797478,3187.293103448276,160.88962596131498,soilgrids_imputed,True
1642.MS00309,1642,Japan,35.117,138.937,,Wetland_Paddy,alluvial paddy field soil,5.44,43.88,2.607,20.72,33.81,35.62,30.57,1.169,0.86,25.74,1959,10.223829076562414,3753.956647398844,175.94459377220105,soilgrids_imputed,True
1642.MS00308,1642,Japan,35.117,138.937,,Wetland_Paddy,alluvial paddy field soil,5.44,43.88,2.607,20.72,33.81,35.62,30.57,1.169,0.86,25.74,1937,10.206737781680944,3629.9741379310335,171.6052740837601,soilgrids_imputed,True
1642.MS00307,1642,Japan,35.117,138.937,,Wetland_Paddy,alluvial paddy field soil,5.44,43.88,2.607,20.72,33.81,35.62,30.57,1.169,0.86,25.74,1922,10.182532402412754,3479.5292479108634,167.053002691042,soilgrids_imputed,True
1642.MS00306,1642,Japan,35.117,138.937,,Wetland_Paddy,alluvial paddy field soil,5.44,43.88,2.607,20.72,33.81,35.62,30.57,1.169,0.86,25.74,1730,9.837817268380949,3164.065015479876,155.61428136711496,soilgrids_imputed,True
1642.MS00305,1642,Japan,35.117,138.937,,Wetland_Paddy,alluvial paddy field soil,5.44,43.88,2.607,20.72,33.81,35.62,30.57,1.169,0.86,25.74,1979,10.2400111753262,3583.457142857142,175.82352851051746,soilgrids_imputed,True
1642.MS00304,1642,Japan,35.117,138.937,,Wetland_Paddy,alluvial paddy field soil,5.44,43.88,2.607,20.72,33.81,35.62,30.57,1.169,0.86,25.74,1892,10.141037363012185,3350.5447154471544,169.59574348235398,soilgrids_imputed,True
1642.MS00303,1642,Japan,35.117,138.937,,Wetland_Paddy,alluvial paddy field soil,5.44,43.88,2.607,20.72,33.81,35.62,30.57,1.169,0.86,25.74,1879,10.196069775439785,3239.5745856353587,164.75462334748298,soilgrids_imputed,True
1642.MS00302,1642,Japan,35.117,138.937,,Wetland_Paddy,alluvial paddy field soil,5.44,43.88,2.607,20.72,33.81,35.62,30.57,1.169,0.86,25.74,1930,10.133421633268275,4022.543973941368,174.41695902105542,soilgrids_imputed,True
1642.MS00301,1642,Japan,35.117,138.937,,Wetland_Paddy,alluvial paddy field soil,5.44,43.88,2.607,20.72,33.81,35.62,30.57,1.169,0.86,25.74,1989,10.258603307288444,3719.777472527473,176.07246698320992,soilgrids_imputed,True
1642.MS00300,1642,Japan,35.117,138.937,,Wetland_Paddy,alluvial paddy field soil,5.44,43.88,2.607,20.72,33.81,35.62,30.57,1.169,0.86,25.74,1958,10.184415902101016,3747.957983193277,174.28398598844353,soilgrids_imputed,True
1642.MS00299,1642,Japan,35.117,138.937,,Wetland_Paddy,alluvial paddy field soil,5.44,43.88,2.607,20.72,33.81,35.62,30.57,1.169,0.86,25.74,1939,10.228824007871664,3450.224324324324,172.31583871182409,soilgrids_imputed,True
1642.MS00298,1642,Japan,35.117,138.937,,Wetland_Paddy,alluvial paddy field soil,5.44,43.88,2.607,20.72,33.81,35.62,30.57,1.169,0.86,25.74,1794,9.811512662953971,3167.459154929577,158.82708083289597,soilgrids_imputed,True
1642.MS00297,1642,Japan,35.117,138.937,,Wetland_Paddy,alluvial paddy field soil,5.44,43.88,2.607,20.72,33.81,35.62,30.57,1.169,0.86,25.74,1953,10.238052962933176,3905.1388012618295,168.471269196217,soilgrids_imputed,True
1642.MS00296,1642,Japan,35.117,138.937,,Wetland_Paddy,alluvial paddy field soil,5.44,43.88,2.607,20.72,33.81,35.62,30.57,1.169,0.86,25.74,1911,10.168705349957769,3546.8645533141207,168.58051791804306,soilgrids_imputed,True
1642.MS00295,1642,Japan,35.117,138.937,,Wetland_Paddy,alluvial paddy field soil,5.44,43.88,2.607,20.72,33.81,35.62,30.57,1.169,0.86,25.74,1870,10.058653501485304,3551.246290801187,161.17058691401502,soilgrids_imputed,True
1642.MS00294,1642,Japan,35.117,138.937,,Wetland_Paddy,alluvial paddy field soil,5.44,43.88,2.607,20.72,33.81,35.62,30.57,1.169,0.86,25.74,2130,10.355945702237973,4267.302631578948,184.59710352079105,soilgrids_imputed,True
1642.MS00293,1642,Japan,35.117,138.937,,Wetland_Paddy,alluvial paddy field soil,5.44,43.88,2.607,20.72,33.81,35.62,30.57,1.169,0.86,25.74,1988,10.275000174304475,3792.48717948718,177.26432374603203,soilgrids_imputed,True
1642.MS00292,1642,Japan,35.117,138.937,,Wetland_Paddy,alluvial paddy field soil,5.44,43.88,2.607,20.72,33.81,35.62,30.57,1.169,0.86,25.74,2081,10.320808738766912,4059.100263852242,183.69942131454496,soilgrids_imputed,True
1642.MS00291,1642,Japan,35.117,138.937,,Wetland_Paddy,alluvial paddy field soil,5.44,43.88,2.607,20.72,33.81,35.62,30.57,1.169,0.86,25.74,1803,9.871143217902825,3318.0089552238805,166.84819165497603,soilgrids_imputed,True
1642.MS00290,1642,Japan,35.117,138.937,,Wetland_Paddy,alluvial paddy field soil,5.44,43.88,2.607,20.72,33.81,35.62,30.57,1.169,0.86,25.74,1940,10.19354954697998,3383.1875,172.569595547747,soilgrids_imputed,True
1642.MS00289,1642,Japan,35.117,138.937,,Wetland_Paddy,alluvial paddy field soil,5.44,43.88,2.607,20.72,33.81,35.62,30.57,1.169,0.86,25.74,2024,10.22938764049734,3884.9486486486494,190.20953648157703,soilgrids_imputed,True
1642.MS00288,1642,Japan,35.117,138.937,,Wetland_Paddy,alluvial paddy field soil,5.44,43.88,2.607,20.72,33.81,35.62,30.57,1.169,0.86,25.74,1905,10.053623243569833,3516.002801120448,176.44651402654895,soilgrids_imputed,True
1642.MS00287,1642,Japan,35.117,138.937,,Wetland_Paddy,alluvial paddy field soil,5.44,43.88,2.607,20.72,33.81,35.62,30.57,1.169,0.86,25.74,1993,10.272437059417117,3700.210242587601,180.48891351361908,soilgrids_imputed,True
1642.MS00286,1642,Japan,35.117,138.937,,Wetland_Paddy,alluvial paddy field soil,5.44,43.88,2.607,20.72,33.81,35.62,30.57,1.169,0.86,25.74,1932,10.163768612837254,3606.2506887052336,176.88715108051065,soilgrids_imputed,True
1642.MS00285,1642,Japan,35.117,138.937,,Wetland_Paddy,alluvial paddy field soil,5.44,43.88,2.607,20.72,33.81,35.62,30.57,1.169,0.86,25.74,1942,10.168749995806376,3661.932203389831,171.5223839555645,soilgrids_imputed,True
1642.MS00284,1642,Japan,35.117,138.937,,Wetland_Paddy,alluvial paddy field soil,5.44,43.88,2.607,20.72,33.81,35.62,30.57,1.169,0.86,25.74,1898,10.14364842427794,3477.5786516853927,172.70904934904098,soilgrids_imputed,True
1642.MS00283,1642,Japan,35.117,138.937,,Wetland_Paddy,alluvial paddy field soil,5.44,43.88,2.607,20.72,33.81,35.62,30.57,1.169,0.86,25.74,1898,10.038036961913845,3774.509146341464,170.95239420993005,soilgrids_imputed,True
1642.MS00282,1642,Japan,35.117,138.937,,Wetland_Paddy,alluvial paddy field soil,5.44,43.88,2.607,20.72,33.81,35.62,30.57,1.169,0.86,25.74,1928,10.122105919049188,3824.1869436201778,177.09112850108193,soilgrids_imputed,True
1642.MS00281,1642,Japan,35.117,138.937,,Wetland_Paddy,alluvial paddy field soil,5.44,43.88,2.607,20.72,33.81,35.62,30.57,1.169,0.86,25.74,1971,10.237792348998344,3733.293103448276,174.3251750721719,soilgrids_imputed,True
1642.MS00280,1642,Japan,35.117,138.937,,Wetland_Paddy,alluvial paddy field soil,5.44,43.88,2.607,20.72,33.81,35.62,30.57,1.169,0.86,25.74,1652,9.753401181769432,3105.2258064516127,155.7894795389859,soilgrids_imputed,True
1642.MS00279,1642,Japan,35.117,138.937,,Wetland_Paddy,alluvial paddy field soil,5.44,43.88,2.607,20.72,33.81,35.62,30.57,1.169,0.86,25.74,1474,9.718880887173384,1922.979328165375,121.938788345321,soilgrids_imputed,True
1642.MS00278,1642,Japan,35.117,138.937,,Wetland_Paddy,alluvial paddy field soil,5.44,43.88,2.607,20.72,33.81,35.62,30.57,1.169,0.86,25.74,1906,10.150722951823257,3521.76,169.49776484236014,soilgrids_imputed,True
1642.MS00277,1642,Japan,35.117,138.937,,Wetland_Paddy,alluvial paddy field soil,5.44,43.88,2.607,20.72,33.81,35.62,30.57,1.169,0.86,25.74,1815,10.036655027447049,3512.25,160.0368089233586,soilgrids_imputed,True
1642.MS00276,1642,Japan,35.117,138.937,,Wetland_Paddy,alluvial paddy field soil,5.44,43.88,2.607,20.72,33.81,35.62,30.57,1.169,0.86,25.74,1953,10.220409558635527,3528.280748663102,179.96573834319994,soilgrids_imputed,True
1642.MS00275,1642,Japan,35.117,138.937,,Wetland_Paddy,alluvial paddy field soil,5.44,43.88,2.607,20.72,33.81,35.62,30.57,1.169,0.86,25.74,1645,9.843360854026848,2592.067647058824,136.52614144703202,soilgrids_imputed,True
1642.MS00274,1642,Japan,35.117,138.937,,Wetland_Paddy,alluvial paddy field soil,5.44,43.88,2.607,20.72,33.81,35.62,30.57,1.169,0.86,25.74,1979,10.206589857805962,3518.814536340852,176.671448553543,soilgrids_imputed,True
1642.MS00273,1642,Japan,35.117,138.937,,Wetland_Paddy,alluvial paddy field soil,5.44,43.88,2.607,20.72,33.81,35.62,30.57,1.169,0.86,25.74,1927,10.197382548824216,3532.102564102565,168.9979988765176,soilgrids_imputed,True
1642.MS00272,1642,Japan,35.117,138.937,,Wetland_Paddy,alluvial paddy field soil,5.44,43.88,2.607,20.72,33.81,35.62,30.57,1.169,0.86,25.74,1670,9.786650225590815,2975.0,159.95789753953343,soilgrids_imputed,True
1642.MS00271,1642,Japan,35.117,138.937,,Wetland_Paddy,alluvial paddy field soil,5.44,43.88,2.607,20.72,33.81,35.62,30.57,1.169,0.86,25.74,2009,10.216970366082014,3842.4182305630025,177.21012709656495,soilgrids_imputed,True
1642.MS00270,1642,Japan,35.117,138.937,,Wetland_Paddy,alluvial paddy field soil,5.44,43.88,2.607,20.72,33.81,35.62,30.57,1.169,0.77,27.12,2015,10.239430564450798,3753.515625,181.1619735544886,soilgrids_imputed,True
1642.MS00269,1642,Japan,35.117,138.937,,Wetland_Paddy,alluvial paddy field soil,5.44,43.88,2.607,20.72,33.81,35.62,30.57,1.169,0.77,27.12,1931,10.166560833352182,3569.1540616246502,172.8754782179635,soilgrids_imputed,True
1642.MS00268,1642,Japan,35.117,138.937,,Wetland_Paddy,alluvial paddy field soil,5.44,43.88,2.607,20.72,33.81,35.62,30.57,1.169,0.77,27.12,1822,9.97238877659732,3438.1073619631898,151.644344763158,soilgrids_imputed,True
1642.MS00267,1642,Japan,35.117,138.937,,Wetland_Paddy,alluvial paddy field soil,5.44,43.88,2.607,20.72,33.81,35.62,30.57,1.169,0.77,27.12,1907,10.12539848297372,3581.008571428572,172.25652149749408,soilgrids_imputed,True
1642.MS00266,1642,Japan,35.117,138.937,,Wetland_Paddy,alluvial paddy field soil,5.44,43.88,2.607,20.72,33.81,35.62,30.57,1.169,0.77,27.12,1884,10.102407243588864,3549.0530973451328,167.44403238512098,soilgrids_imputed,True
1642.MS00265,1642,Japan,35.117,138.937,,Wetland_Paddy,alluvial paddy field soil,5.44,43.88,2.607,20.72,33.81,35.62,30.57,1.169,0.77,27.12,1973,10.267323552038729,3624.5773480662974,169.00437935061652,soilgrids_imputed,True
1642.MS00264,1642,Japan,35.117,138.937,,Wetland_Paddy,alluvial paddy field soil,5.44,43.88,2.607,20.72,33.81,35.62,30.57,1.169,0.77,27.12,1983,10.2302072806661,3845.3304597701135,170.51050171750842,soilgrids_imputed,True
1642.MS00263,1642,Japan,35.117,138.937,,Wetland_Paddy,alluvial paddy field soil,5.44,43.88,2.607,20.72,33.81,35.62,30.57,1.169,0.77,27.12,1844,10.091774186503796,3293.7413793103447,168.35289257974898,soilgrids_imputed,True
1642.MS00262,1642,Japan,35.117,138.937,,Wetland_Paddy,alluvial paddy field soil,5.44,43.88,2.607,20.72,33.81,35.62,30.57,1.169,0.77,27.12,2001,10.2533400854598,3877.06779661017,178.07981022501198,soilgrids_imputed,True
1642.MS00261,1642,Japan,35.117,138.937,,Wetland_Paddy,alluvial paddy field soil,5.44,43.88,2.607,20.72,33.81,35.62,30.57,1.169,0.77,27.12,1961,10.214413403933673,3765.6153846153848,171.53668339141603,soilgrids_imputed,True
1642.MS00260,1642,Japan,35.117,138.937,,Wetland_Paddy,alluvial paddy field soil,5.44,43.88,2.607,20.72,33.81,35.62,30.57,1.169,0.82,27.32,1911,10.147930805904462,3698.4468085106378,166.13865190740842,soilgrids_imputed,True
1642.MS00259,1642,Japan,35.117,138.937,,Wetland_Paddy,alluvial paddy field soil,5.44,43.88,2.607,20.72,33.81,35.62,30.57,1.169,0.82,27.32,1989,10.262266303291437,3761.3491620111727,173.67129939173049,soilgrids_imputed,True
1642.MS00258,1642,Japan,35.117,138.937,,Wetland_Paddy,alluvial paddy field soil,5.44,43.88,2.607,20.72,33.81,35.62,30.57,1.169,0.82,27.32,1590,9.683273464326904,2920.075268817204,146.81359232671088,soilgrids_imputed,True
1642.MS00257,1642,Japan,35.117,138.937,,Wetland_Paddy,alluvial paddy field soil,5.44,43.88,2.607,20.72,33.81,35.62,30.57,1.169,0.82,27.32,1672,9.852211412896596,2767.628742514971,149.913946693492,soilgrids_imputed,True
1642.MS00256,1642,Japan,35.117,138.937,,Wetland_Paddy,alluvial paddy field soil,5.44,43.88,2.607,20.72,33.81,35.62,30.57,1.169,0.82,27.32,1969,10.219611231131084,3535.3464566929133,171.7801148895069,soilgrids_imputed,True
1642.MS00255,1642,Japan,35.117,138.937,,Wetland_Paddy,alluvial paddy field soil,5.44,43.88,2.607,20.72,33.81,35.62,30.57,1.169,0.82,27.32,1905,9.964157192770973,3493.6527777777774,165.09729407618647,soilgrids_imputed,True
1642.MS00254,1642,Japan,35.117,138.937,,Wetland_Paddy,alluvial paddy field soil,5.44,43.88,2.607,20.72,33.81,35.62,30.57,1.169,0.82,27.32,1893,10.12487560724998,3853.2333333333336,176.76248623326904,soilgrids_imputed,True
1642.MS00253,1642,Japan,35.117,138.937,,Wetland_Paddy,alluvial paddy field soil,5.44,43.88,2.607,20.72,33.81,35.62,30.57,1.169,0.82,27.32,1886,10.082150070268527,3686.628125,174.56280053125406,soilgrids_imputed,True
1642.MS00252,1642,Japan,35.117,138.937,,Wetland_Paddy,alluvial paddy field soil,5.44,43.88,2.607,20.72,33.81,35.62,30.57,1.169,0.82,27.32,1848,10.019264391006894,4092.2623574144486,172.59871955051207,soilgrids_imputed,True
1642.MS00251,1642,Japan,35.117,138.937,,Wetland_Paddy,alluvial paddy field soil,5.44,43.88,2.607,20.72,33.81,35.62,30.57,1.169,0.82,27.32,1906,10.122825467364391,3923.3618421052633,173.98881767361698,soilgrids_imputed,True
1642.MS00250,1642,Japan,35.117,138.937,,Wetland_Paddy,alluvial paddy field soil,5.44,43.88,2.607,20.72,33.81,35.62,30.57,1.169,0.85,24.8,1948,10.216322913853263,3580.100840336135,171.0624469204051,soilgrids_imputed,True
1642.MS00249,1642,Japan,35.117,138.937,,Wetland_Paddy,alluvial paddy field soil,5.44,43.88,2.607,20.72,33.81,35.62,30.57,1.169,0.85,24.8,1916,10.200188292187937,3722.474683544304,166.05037696956254,soilgrids_imputed,True
1642.MS00247,1642,Japan,35.117,138.937,,Wetland_Paddy,alluvial paddy field soil,5.44,43.88,2.607,20.72,33.81,35.62,30.57,1.169,0.85,24.8,1691,9.836955131145768,3095.300330033004,155.533710310641,soilgrids_imputed,True
1642.MS00246,1642,Japan,35.117,138.937,,Wetland_Paddy,alluvial paddy field soil,5.44,43.88,2.607,20.72,33.81,35.62,30.57,1.169,0.85,24.8,1914,10.112844978223883,3734.567484662577,168.399591717078,soilgrids_imputed,True
1642.MS00245,1642,Japan,35.117,138.937,,Wetland_Paddy,alluvial paddy field soil,5.44,43.88,2.607,20.72,33.81,35.62,30.57,1.169,0.85,24.8,1942,10.206882609256356,3683.177325581395,172.4778401668029,soilgrids_imputed,True
1642.MS00244,1642,Japan,35.117,138.937,,Wetland_Paddy,alluvial paddy field soil,5.44,43.88,2.607,20.72,33.81,35.62,30.57,1.169,0.85,24.8,1887,10.093691754544414,3592.2960725075527,169.44340487164249,soilgrids_imputed,True
1642.MS00242,1642,Japan,35.117,138.937,,Wetland_Paddy,alluvial paddy field soil,5.44,43.88,2.607,20.72,33.81,35.62,30.57,1.169,0.85,24.8,1714,9.85182815255748,3116.548701298701,146.37613406704608,soilgrids_imputed,True
1642.MS00240,1642,Japan,35.117,138.937,,Wetland_Paddy,alluvial paddy field soil,5.44,43.88,2.607,20.72,33.81,35.62,30.57,1.169,0.87,24.24,1822,10.06793912738809,3445.781758957656,152.50686690343957,soilgrids_imputed,True
1642.MS00239,1642,Japan,35.117,138.937,,Wetland_Paddy,alluvial paddy field soil,5.44,43.88,2.607,20.72,33.81,35.62,30.57,1.169,0.87,24.24,1919,10.164350686202283,3706.4468085106378,168.82326629436952,soilgrids_imputed,True
1642.MS00238,1642,Japan,35.117,138.937,,Wetland_Paddy,alluvial paddy field soil,5.44,43.88,2.607,20.72,33.81,35.62,30.57,1.169,0.87,24.24,1872,10.057362074538675,3568.9608433734943,170.78494946575955,soilgrids_imputed,True
1642.MS00237,1642,Japan,35.117,138.937,,Wetland_Paddy,alluvial paddy field soil,5.44,43.88,2.607,20.72,33.81,35.62,30.57,1.169,0.87,24.24,1539,9.614655143433502,3033.731092436975,139.98542313730655,soilgrids_imputed,True
1642.MS00236,1642,Japan,35.117,138.937,,Wetland_Paddy,alluvial paddy field soil,5.44,43.88,2.607,20.72,33.81,35.62,30.57,1.169,0.87,24.24,1844,10.119997887783343,3358.0277777777774,163.10833676093682,soilgrids_imputed,True
1642.MS00235,1642,Japan,35.117,138.937,,Wetland_Paddy,alluvial paddy field soil,5.44,43.88,2.607,20.72,33.81,35.62,30.57,1.169,0.87,24.24,1839,10.040203797704764,3499.490797546013,164.51450762618902,soilgrids_imputed,True
1642.MS00234,1642,Japan,35.117,138.937,,Wetland_Paddy,alluvial paddy field soil,5.44,43.88,2.607,20.72,33.81,35.62,30.57,1.169,0.87,24.24,1921,10.177204733555229,3703.782608695652,169.48739667951747,soilgrids_imputed,True
1642.MS00233,1642,Japan,35.117,138.937,,Wetland_Paddy,alluvial paddy field soil,5.44,43.88,2.607,20.72,33.81,35.62,30.57,1.169,0.87,24.24,1884,10.08883625514874,3453.0,163.85955787728545,soilgrids_imputed,True
1642.MS00232,1642,Japan,35.117,138.937,,Wetland_Paddy,alluvial paddy field soil,5.44,43.88,2.607,20.72,33.81,35.62,30.57,1.169,0.87,24.24,1843,10.0723070558371,3398.8125,156.79979059841693,soilgrids_imputed,True
1642.MS00231,1642,Japan,35.117,138.937,,Wetland_Paddy,alluvial paddy field soil,5.44,43.88,2.607,20.72,33.81,35.62,30.57,1.169,0.87,24.24,1907,10.152490355730444,3560.229651162791,162.1837946629795,soilgrids_imputed,True
1642.MS00230,1642,Japan,35.117,138.937,,Wetland_Paddy,alluvial paddy field soil,5.44,43.88,2.607,20.72,33.81,35.62,30.57,1.169,0.87,24.24,1897,10.145854504994777,3586.419642857143,165.4492641114017,soilgrids_imputed,True
1642.MS00229,1642,Japan,35.117,138.937,,Wetland_Paddy,alluvial paddy field soil,5.44,43.88,2.607,20.72,33.81,35.62,30.57,1.169,0.87,24.24,1917,10.176541939559725,3611.22807017544,171.81145142199142,soilgrids_imputed,True
1642.MS00228,1642,Japan,35.117,138.937,,Wetland_Paddy,alluvial paddy field soil,5.44,43.88,2.607,20.72,33.81,35.62,30.57,1.169,0.87,24.24,1963,10.20439034977946,3698.84487534626,172.42939748827294,soilgrids_imputed,True
1642.MS00227,1642,Japan,35.117,138.937,,Wetland_Paddy,alluvial paddy field soil,5.44,43.88,2.607,20.72,33.81,35.62,30.57,1.169,0.87,24.24,1898,10.119503620719245,3476.0085959885387,169.74667327858748,soilgrids_imputed,True
1642.MS00226,1642,Japan,35.117,138.937,,Wetland_Paddy,alluvial paddy field soil,5.44,43.88,2.607,20.72,33.81,35.62,30.57,1.169,0.87,24.24,1989,10.289430742015703,3504.3030303030296,167.98257465303,soilgrids_imputed,True
1642.MS00225,1642,Japan,35.117,138.937,,Wetland_Paddy,alluvial paddy field soil,5.44,43.88,2.607,20.72,33.81,35.62,30.57,1.169,0.87,24.24,1962,10.213929881489785,3585.4584450402144,167.6423574990245,soilgrids_imputed,True
1642.MS00224,1642,Japan,35.117,138.937,,Wetland_Paddy,alluvial paddy field soil,5.44,43.88,2.607,20.72,33.81,35.62,30.57,1.169,0.87,24.24,1635,9.759464024357325,2884.464646464646,145.56967802178758,soilgrids_imputed,True
1642.MS00223,1642,Japan,35.117,138.937,,Wetland_Paddy,alluvial paddy field soil,5.44,43.88,2.607,20.72,33.81,35.62,30.57,1.169,0.87,24.24,1943,10.184906883617325,3541.016304347826,171.95776267215751,soilgrids_imputed,True
1642.MS00222,1642,Japan,35.117,138.937,,Wetland_Paddy,alluvial paddy field soil,5.44,43.88,2.607,20.72,33.81,35.62,30.57,1.169,0.87,24.24,1997,10.27124543171766,3560.8025,168.3930228035095,soilgrids_imputed,True
1642.MS00221,1642,Japan,35.117,138.937,,Wetland_Paddy,alluvial paddy field soil,5.44,43.88,2.607,20.72,33.81,35.62,30.57,1.169,0.87,24.24,1752,9.92124610119478,3236.164556962025,159.49687481813052,soilgrids_imputed,True
1642.MS00220,1642,Japan,35.117,138.937,,Wetland_Paddy,alluvial paddy field soil,5.44,43.88,2.607,20.72,33.81,35.62,30.57,1.169,0.87,24.24,1881,10.08672341682288,3695.071875,168.68217341097997,soilgrids_imputed,True
1642.MS00219,1642,Japan,35.117,138.937,,Wetland_Paddy,alluvial paddy field soil,5.44,43.88,2.607,20.72,33.81,35.62,30.57,1.169,0.87,24.24,1906,10.118110822245818,3650.491017964072,167.78195730843288,soilgrids_imputed,True
1642.MS00218,1642,Japan,35.117,138.937,,Wetland_Paddy,alluvial paddy field soil,5.44,43.88,2.607,20.72,33.81,35.62,30.57,1.169,0.87,24.24,1956,10.20047026946226,3893.53086419753,167.58328819746148,soilgrids_imputed,True
1642.MS00217,1642,Japan,35.117,138.937,,Wetland_Paddy,alluvial paddy field soil,5.44,43.88,2.607,20.72,33.81,35.62,30.57,1.169,0.87,24.24,2020,10.267763636653294,3915.1559888579377,177.151970768016,soilgrids_imputed,True
1642.MS00216,1642,Japan,35.117,138.937,,Wetland_Paddy,alluvial paddy field soil,5.44,43.88,2.607,20.72,33.81,35.62,30.57,1.169,0.87,24.24,1894,10.15843294463702,3449.6058823529406,166.7063416974754,soilgrids_imputed,True
1642.MS00215,1642,Japan,35.117,138.937,,Wetland_Paddy,alluvial paddy field soil,5.44,43.88,2.607,20.72,33.81,35.62,30.57,1.169,0.87,24.24,1920,10.173984007134337,3597.102857142857,170.72586000742598,soilgrids_imputed,True
1642.MS00214,1642,Japan,35.117,138.937,,Wetland_Paddy,alluvial paddy field soil,5.44,43.88,2.607,20.72,33.81,35.62,30.57,1.169,0.87,24.24,1973,10.235702861791236,3499.6109725685783,169.04944828895157,soilgrids_imputed,True
1642.MS00213,1642,Japan,35.117,138.937,,Wetland_Paddy,alluvial paddy field soil,5.44,43.88,2.607,20.72,33.81,35.62,30.57,1.169,0.87,24.24,1830,10.065844452709236,3410.6656346749223,164.39629277967106,soilgrids_imputed,True
1642.MS00212,1642,Japan,35.117,138.937,,Wetland_Paddy,alluvial paddy field soil,5.44,43.88,2.607,20.72,33.81,35.62,30.57,1.169,0.87,24.24,1937,10.194816031494137,3817.5900621118008,165.77805322415702,soilgrids_imputed,True
1642.MS00211,1642,Japan,35.117,138.937,,Wetland_Paddy,alluvial paddy field soil,5.44,43.88,2.607,20.72,33.81,35.62,30.57,1.169,0.87,24.24,1912,10.220741832948248,3291.44414893617,163.90839131493303,soilgrids_imputed,True
1642.MS00210,1642,Japan,35.117,138.937,,Wetland_Paddy,alluvial paddy field soil,5.44,43.88,2.607,20.72,33.81,35.62,30.57,1.169,0.87,24.24,1886,10.183796502392289,3208.258152173913,161.0904238036031,soilgrids_imputed,True
1642.MS00209,1642,Japan,35.117,138.937,,Wetland_Paddy,alluvial paddy field soil,5.44,43.88,2.607,20.72,33.81,35.62,30.57,1.169,0.87,24.24,1883,10.16642107940751,3444.6617647058824,167.31182170687504,soilgrids_imputed,True
1642.MS00208,1642,Japan,35.117,138.937,,Wetland_Paddy,alluvial paddy field soil,5.44,43.88,2.607,20.72,33.81,35.62,30.57,1.169,0.87,24.24,1818,10.13659372336512,2923.202597402597,161.62647615735702,soilgrids_imputed,True
1642.MS00207,1642,Japan,35.117,138.937,,Wetland_Paddy,alluvial paddy field soil,5.44,43.88,2.607,20.72,33.81,35.62,30.57,1.169,0.87,24.24,2014,10.280637745479416,3870.9613259668513,174.8367453113969,soilgrids_imputed,True
1642.MS00206,1642,Japan,35.117,138.937,,Wetland_Paddy,alluvial paddy field soil,5.44,43.88,2.607,20.72,33.81,35.62,30.57,1.169,0.87,24.24,1927,10.1989418704342,3644.462462462463,175.88882553509492,soilgrids_imputed,True
1642.MS00205,1642,Japan,35.117,138.937,,Wetland_Paddy,alluvial paddy field soil,5.44,43.88,2.607,20.72,33.81,35.62,30.57,1.169,0.87,24.24,1986,10.241493915875274,3831.640226628895,176.5681466046155,soilgrids_imputed,True
1642.MS00204,1642,Japan,35.117,138.937,,Wetland_Paddy,alluvial paddy field soil,5.44,43.88,2.607,20.72,33.81,35.62,30.57,1.169,0.87,24.24,1962,10.197256867300872,3787.757142857143,172.36500563939305,soilgrids_imputed,True
1642.MS00203,1642,Japan,35.117,138.937,,Wetland_Paddy,alluvial paddy field soil,5.44,43.88,2.607,20.72,33.81,35.62,30.57,1.169,0.87,24.24,1974,10.2306028175569,3645.0080428954425,169.42144292149746,soilgrids_imputed,True
1642.MS00202,1642,Japan,35.117,138.937,,Wetland_Paddy,alluvial paddy field soil,5.44,43.88,2.607,20.72,33.81,35.62,30.57,1.169,0.87,24.24,1832,10.037978020310456,3522.9713375796173,164.28790422091598,soilgrids_imputed,True
1642.MS00201,1642,Japan,35.117,138.937,,Wetland_Paddy,alluvial paddy field soil,5.44,43.88,2.607,20.72,33.81,35.62,30.57,1.169,0.87,24.24,1962,10.262768953079624,3406.592307692308,169.97285376362203,soilgrids_imputed,True
1642.MS00200,1642,Japan,35.117,138.937,,Wetland_Paddy,alluvial paddy field soil,5.44,43.88,2.607,20.72,33.81,35.62,30.57,1.169,0.87,24.24,1943,10.141434633437251,3787.041420118343,169.38532279412598,soilgrids_imputed,True
1642.MS00199,1642,Japan,35.117,138.937,,Wetland_Paddy,alluvial paddy field soil,5.44,43.88,2.607,20.72,33.81,35.62,30.57,1.169,0.87,24.24,1953,10.243197985948449,3592.6256983240223,172.83131661208407,soilgrids_imputed,True
1642.MS00198,1642,Japan,35.117,138.937,,Wetland_Paddy,alluvial paddy field soil,5.44,43.88,2.607,20.72,33.81,35.62,30.57,1.169,0.87,24.24,1888,10.118681788080556,3388.171348314607,175.07243024517956,soilgrids_imputed,True
1642.MS00197,1642,Japan,35.117,138.937,,Wetland_Paddy,alluvial paddy field soil,5.44,43.88,2.607,20.72,33.81,35.62,30.57,1.169,0.87,24.24,1896,10.093233232542245,3653.0422960725055,167.950283445926,soilgrids_imputed,True
1642.MS00196,1642,Japan,35.117,138.937,,Wetland_Paddy,alluvial paddy field soil,5.44,43.88,2.607,20.72,33.81,35.62,30.57,1.169,0.87,24.24,1905,10.208046197407125,3507.553935860058,172.58959921469102,soilgrids_imputed,True
1642.MS00195,1642,Japan,35.117,138.937,,Wetland_Paddy,alluvial paddy field soil,5.44,43.88,2.607,20.72,33.81,35.62,30.57,1.169,0.87,24.24,1938,10.212106922229076,3564.058823529412,175.538878610634,soilgrids_imputed,True
1642.MS00194,1642,Japan,35.117,138.937,,Wetland_Paddy,alluvial paddy field soil,5.44,43.88,2.607,20.72,33.81,35.62,30.57,1.169,0.87,24.24,1880,10.106690659161051,3462.508571428572,168.86215982292293,soilgrids_imputed,True
1642.MS00193,1642,Japan,35.117,138.937,,Wetland_Paddy,alluvial paddy field soil,5.44,43.88,2.607,20.72,33.81,35.62,30.57,1.169,0.87,24.24,1868,10.098235259403728,3331.475,159.9950527359209,soilgrids_imputed,True
1642.MS00192,1642,Japan,35.117,138.937,,Wetland_Paddy,alluvial paddy field soil,5.44,43.88,2.607,20.72,33.81,35.62,30.57,1.169,0.87,24.24,1912,10.149747979998349,3524.627840909091,165.90677528600597,soilgrids_imputed,True
1642.MS00191,1642,Japan,35.117,138.937,,Wetland_Paddy,alluvial paddy field soil,5.44,43.88,2.607,20.72,33.81,35.62,30.57,1.169,0.87,24.24,1864,10.134980455269806,3210.67397260274,156.012755153111,soilgrids_imputed,True
1642.MS00190,1642,Japan,35.117,138.937,,Wetland_Paddy,alluvial paddy field soil,5.44,43.88,2.607,20.72,33.81,35.62,30.57,1.169,0.96,24.68,1798,9.96932639449213,3569.890034364261,158.59335235108466,soilgrids_imputed,True
1642.MS00189,1642,Japan,35.117,138.937,,Wetland_Paddy,alluvial paddy field soil,5.44,43.88,2.607,20.72,33.81,35.62,30.57,1.169,0.96,24.68,1883,10.159439307596568,3379.293103448276,163.7076259448235,soilgrids_imputed,True
1642.MS00188,1642,Japan,35.117,138.937,,Wetland_Paddy,alluvial paddy field soil,5.44,43.88,2.607,20.72,33.81,35.62,30.57,1.169,0.96,24.68,1843,9.987029086942233,3648.655737704918,159.76963368009547,soilgrids_imputed,True
1642.MS00187,1642,Japan,35.117,138.937,,Wetland_Paddy,alluvial paddy field soil,5.44,43.88,2.607,20.72,33.81,35.62,30.57,1.169,0.96,24.68,1813,10.083617950837867,3087.23595505618,153.09768580835703,soilgrids_imputed,True
1642.MS00186,1642,Japan,35.117,138.937,,Wetland_Paddy,alluvial paddy field soil,5.44,43.88,2.607,20.72,33.81,35.62,30.57,1.169,0.96,24.68,1945,10.205204486279188,3671.6260869565217,164.41977748008244,soilgrids_imputed,True
1642.MS00185,1642,Japan,35.117,138.937,,Wetland_Paddy,alluvial paddy field soil,5.44,43.88,2.607,20.72,33.81,35.62,30.57,1.169,0.96,24.68,1863,10.141590134676209,3273.528409090909,158.69827065511706,soilgrids_imputed,True
1642.MS00184,1642,Japan,35.117,138.937,,Wetland_Paddy,alluvial paddy field soil,5.44,43.88,2.607,20.72,33.81,35.62,30.57,1.169,0.96,24.68,1961,10.26207467904001,3426.4569190600523,171.7629998253661,soilgrids_imputed,True
1642.MS00183,1642,Japan,35.117,138.937,,Wetland_Paddy,alluvial paddy field soil,5.44,43.88,2.607,20.72,33.81,35.62,30.57,1.169,0.96,24.68,1928,10.192102265912128,3673.2590361445777,158.93678177670796,soilgrids_imputed,True
1642.MS00182,1642,Japan,35.117,138.937,,Wetland_Paddy,alluvial paddy field soil,5.44,43.88,2.607,20.72,33.81,35.62,30.57,1.169,0.96,24.68,1981,10.246147690672544,3590.6535433070867,172.37329675359902,soilgrids_imputed,True
1642.MS00181,1642,Japan,35.117,138.937,,Wetland_Paddy,alluvial paddy field soil,5.44,43.88,2.607,20.72,33.81,35.62,30.57,1.169,0.96,24.68,1886,10.173012945575822,3559.282208588957,163.82423519935702,soilgrids_imputed,True
1642.MS00180,1642,Japan,35.117,138.937,,Wetland_Paddy,alluvial paddy field soil,5.44,43.88,2.607,20.72,33.81,35.62,30.57,1.169,0.83,25.39,1888,10.145777817075468,3401.143661971831,164.3009912928745,soilgrids_imputed,True
1642.MS00179,1642,Japan,35.117,138.937,,Wetland_Paddy,alluvial paddy field soil,5.44,43.88,2.607,20.72,33.81,35.62,30.57,1.169,0.83,25.39,1857,10.100787133405433,3135.968586387435,148.55215853578355,soilgrids_imputed,True
1642.MS00178,1642,Japan,35.117,138.937,,Wetland_Paddy,alluvial paddy field soil,5.44,43.88,2.607,20.72,33.81,35.62,30.57,1.169,0.83,25.39,1826,10.007156728764958,3351.5838323353287,162.1982777155045,soilgrids_imputed,True
1642.MS00177,1642,Japan,35.117,138.937,,Wetland_Paddy,alluvial paddy field soil,5.44,43.88,2.607,20.72,33.81,35.62,30.57,1.169,0.83,25.39,1899,10.140849013617633,3420.967213114754,166.25144114024303,soilgrids_imputed,True
1642.MS00176,1642,Japan,35.117,138.937,,Wetland_Paddy,alluvial paddy field soil,5.44,43.88,2.607,20.72,33.81,35.62,30.57,1.169,0.83,25.39,1838,10.059888507519052,3311.804664723032,160.0525205438861,soilgrids_imputed,True
1642.MS00175,1642,Japan,35.117,138.937,,Wetland_Paddy,alluvial paddy field soil,5.44,43.88,2.607,20.72,33.81,35.62,30.57,1.169,0.83,25.39,2017,10.281880968768377,3816.2857142857138,181.002440886024,soilgrids_imputed,True
1642.MS00174,1642,Japan,35.117,138.937,,Wetland_Paddy,alluvial paddy field soil,5.44,43.88,2.607,20.72,33.81,35.62,30.57,1.169,0.83,25.39,1917,10.17034486123342,3811.8275862068967,165.508107957637,soilgrids_imputed,True
1642.MS00173,1642,Japan,35.117,138.937,,Wetland_Paddy,alluvial paddy field soil,5.44,43.88,2.607,20.72,33.81,35.62,30.57,1.169,0.83,25.39,1886,10.077235741051211,3657.003039513678,168.43283785913707,soilgrids_imputed,True
1642.MS00172,1642,Japan,35.117,138.937,,Wetland_Paddy,alluvial paddy field soil,5.44,43.88,2.607,20.72,33.81,35.62,30.57,1.169,0.83,25.39,1929,10.171632627267975,3466.775401069519,178.01337382369402,soilgrids_imputed,True
1642.MS00171,1642,Japan,35.117,138.937,,Wetland_Paddy,alluvial paddy field soil,5.44,43.88,2.607,20.72,33.81,35.62,30.57,1.169,0.83,25.39,1854,10.073598373883096,3315.43137254902,166.03323026549998,soilgrids_imputed,True
1642.MS00170,1642,Japan,35.117,138.937,,Wetland_Paddy,alluvial paddy field soil,5.44,43.88,2.607,20.72,33.81,35.62,30.57,1.169,0.83,25.39,1815,10.04732941567054,3261.818991097923,155.18182128360797,soilgrids_imputed,True
1642.MS00169,1642,Japan,35.117,138.937,,Wetland_Paddy,alluvial paddy field soil,5.44,43.88,2.607,20.72,33.81,35.62,30.57,1.169,0.83,25.39,1826,10.061277929152356,3531.003267973856,161.78782989212104,soilgrids_imputed,True
1642.MS00168,1642,Japan,35.117,138.937,,Wetland_Paddy,alluvial paddy field soil,5.44,43.88,2.607,20.72,33.81,35.62,30.57,1.169,0.83,25.39,1898,10.1734630083751,3277.44414893617,159.78844194678845,soilgrids_imputed,True
1642.MS00167,1642,Japan,35.117,138.937,,Wetland_Paddy,alluvial paddy field soil,5.44,43.88,2.607,20.72,33.81,35.62,30.57,1.169,0.83,25.39,1920,10.153962198487395,3434.9455040871926,153.496157708887,soilgrids_imputed,True
1642.MS00166,1642,Japan,35.117,138.937,,Wetland_Paddy,alluvial paddy field soil,5.44,43.88,2.607,20.72,33.81,35.62,30.57,1.169,0.83,25.39,1842,10.090830568324208,3213.944289693593,161.77558506736997,soilgrids_imputed,True
1642.MS00165,1642,Japan,35.117,138.937,,Wetland_Paddy,alluvial paddy field soil,5.44,43.88,2.607,20.72,33.81,35.62,30.57,1.169,0.83,25.39,1886,10.125641458546902,3487.11403508772,169.02435694419398,soilgrids_imputed,True
1642.MS00164,1642,Japan,35.117,138.937,,Wetland_Paddy,alluvial paddy field soil,5.44,43.88,2.607,20.72,33.81,35.62,30.57,1.169,0.83,25.39,1928,10.1997783916488,3548.0788732394367,170.68897245413004,soilgrids_imputed,True
1642.MS00163,1642,Japan,35.117,138.937,,Wetland_Paddy,alluvial paddy field soil,5.44,43.88,2.607,20.72,33.81,35.62,30.57,1.169,0.83,25.39,1939,10.168877342501064,4055.9243421052633,174.48264270783605,soilgrids_imputed,True
1642.MS00162,1642,Japan,35.117,138.937,,Wetland_Paddy,alluvial paddy field soil,5.44,43.88,2.607,20.72,33.81,35.62,30.57,1.169,0.83,25.39,1864,10.12014258949216,3181.941952506597,159.33737084796795,soilgrids_imputed,True
1642.MS00161,1642,Japan,35.117,138.937,,Wetland_Paddy,alluvial paddy field soil,5.44,43.88,2.607,20.72,33.81,35.62,30.57,1.169,0.83,25.39,2026,10.315196584693949,3764.618421052632,176.802166034096,soilgrids_imputed,True
1642.MS00160,1642,Japan,35.117,138.937,,Wetland_Paddy,alluvial paddy field soil,5.44,43.88,2.607,20.72,33.81,35.62,30.57,1.169,0.83,25.39,1844,10.119415155531046,3131.6385869565224,161.19716813406603,soilgrids_imputed,True
1642.MS00159,1642,Japan,35.117,138.937,,Wetland_Paddy,alluvial paddy field soil,5.44,43.88,2.607,20.72,33.81,35.62,30.57,1.169,0.83,25.39,1429,9.199051344650444,2697.161943319838,133.42801472075502,soilgrids_imputed,True
1642.MS00158,1642,Japan,35.117,138.937,,Wetland_Paddy,alluvial paddy field soil,5.44,43.88,2.607,20.72,33.81,35.62,30.57,1.169,0.83,25.39,1960,10.233082317754103,3604.008174386921,173.92717652392002,soilgrids_imputed,True
1642.MS00157,1642,Japan,35.117,138.937,,Wetland_Paddy,alluvial paddy field soil,5.44,43.88,2.607,20.72,33.81,35.62,30.57,1.169,0.83,25.39,2018,10.27166668214147,4096.148367952524,174.31936602954002,soilgrids_imputed,True
1642.MS00156,1642,Japan,35.117,138.937,,Wetland_Paddy,alluvial paddy field soil,5.44,43.88,2.607,20.72,33.81,35.62,30.57,1.169,0.83,25.39,1862,10.129129606184376,3322.3361823361824,158.82181720393453,soilgrids_imputed,True
1642.MS00155,1642,Japan,35.117,138.937,,Wetland_Paddy,alluvial paddy field soil,5.44,43.88,2.607,20.72,33.81,35.62,30.57,1.169,0.83,25.39,1880,10.11669232131303,3311.660326086957,163.65656066937706,soilgrids_imputed,True
1642.MS00154,1642,Japan,35.117,138.937,,Wetland_Paddy,alluvial paddy field soil,5.44,43.88,2.607,20.72,33.81,35.62,30.57,1.169,0.83,25.39,1887,10.10200105947453,3641.340490797546,150.26278517069798,soilgrids_imputed,True
1642.MS00153,1642,Japan,35.117,138.937,,Wetland_Paddy,alluvial paddy field soil,5.44,43.88,2.607,20.72,33.81,35.62,30.57,1.169,0.83,25.39,1967,10.245376665492929,3641.076294277929,170.66201541392795,soilgrids_imputed,True
1642.MS00152,1642,Japan,35.117,138.937,,Wetland_Paddy,alluvial paddy field soil,5.44,43.88,2.607,20.72,33.81,35.62,30.57,1.169,0.83,25.39,1912,10.179784930683509,3612.1596385542166,165.81094245350295,soilgrids_imputed,True
1642.MS00151,1642,Japan,35.117,138.937,,Wetland_Paddy,alluvial paddy field soil,5.44,43.88,2.607,20.72,33.81,35.62,30.57,1.169,0.83,25.39,1869,10.074102939347153,3679.902208201893,172.20033291821505,soilgrids_imputed,True
1642.MS00150,1642,Japan,35.117,138.937,,Wetland_Paddy,alluvial paddy field soil,5.44,43.88,2.607,20.72,33.81,35.62,30.57,1.169,0.83,25.39,1979,10.238396038193292,3759.817142857143,172.0048766214534,soilgrids_imputed,True
1642.MS00149,1642,Japan,35.117,138.937,,Wetland_Paddy,alluvial paddy field soil,5.44,43.88,2.607,20.72,33.81,35.62,30.57,1.169,0.83,25.39,1840,10.07307910402218,3379.1641791044776,164.9168673013865,soilgrids_imputed,True
1642.MS00148,1642,Japan,35.117,138.937,,Wetland_Paddy,alluvial paddy field soil,5.44,43.88,2.607,20.72,33.81,35.62,30.57,1.169,0.83,25.39,1871,10.107725248175075,3503.723404255319,163.11507285422397,soilgrids_imputed,True
1642.MS00147,1642,Japan,35.117,138.937,,Wetland_Paddy,alluvial paddy field soil,5.44,43.88,2.607,20.72,33.81,35.62,30.57,1.169,0.83,25.39,1875,10.122293680910149,3287.657534246576,166.96803085027898,soilgrids_imputed,True
1642.MS00146,1642,Japan,35.117,138.937,,Wetland_Paddy,alluvial paddy field soil,5.44,43.88,2.607,20.72,33.81,35.62,30.57,1.169,0.83,25.39,1958,10.256035077206183,3521.1081081081084,166.499562828196,soilgrids_imputed,True
1642.MS00145,1642,Japan,35.117,138.937,,Wetland_Paddy,alluvial paddy field soil,5.44,43.88,2.607,20.72,33.81,35.62,30.57,1.169,0.83,25.39,1911,10.184809480546312,3589.5970149253726,161.31154385172198,soilgrids_imputed,True
1642.MS00144,1642,Japan,35.117,138.937,,Wetland_Paddy,alluvial paddy field soil,5.44,43.88,2.607,20.72,33.81,35.62,30.57,1.169,0.83,25.39,1841,10.075046772225887,3452.618461538462,165.28284024202702,soilgrids_imputed,True
1642.MS00143,1642,Japan,35.117,138.937,,Wetland_Paddy,alluvial paddy field soil,5.44,43.88,2.607,20.72,33.81,35.62,30.57,1.169,0.83,25.39,1581,9.650528493809508,2743.345514950166,140.23685562647302,soilgrids_imputed,True
1642.MS00139,1642,Japan,35.117,138.937,,Wetland_Paddy,alluvial paddy field soil,5.44,43.88,2.607,20.72,33.81,35.62,30.57,1.169,0.83,25.39,1944,10.192219294173553,3464.15625,158.457580136142,soilgrids_imputed,True
1642.MS00138,1642,Japan,35.117,138.937,,Wetland_Paddy,alluvial paddy field soil,5.44,43.88,2.607,20.72,33.81,35.62,30.57,1.169,0.83,25.39,1976,10.257813418748109,3743.528409090909,167.96360582570853,soilgrids_imputed,True
1642.MS00137,1642,Japan,35.117,138.937,,Wetland_Paddy,alluvial paddy field soil,5.44,43.88,2.607,20.72,33.81,35.62,30.57,1.169,0.83,25.39,1857,10.161386209458485,3191.7915492957745,157.6400861453901,soilgrids_imputed,True
1642.MS00136,1642,Japan,35.117,138.937,,Wetland_Paddy,alluvial paddy field soil,5.44,43.88,2.607,20.72,33.81,35.62,30.57,1.169,0.83,25.39,1943,10.24137729463042,3412.76253298153,168.66450685814343,soilgrids_imputed,True
1642.MS00135,1642,Japan,35.117,138.937,,Wetland_Paddy,alluvial paddy field soil,5.44,43.88,2.607,20.72,33.81,35.62,30.57,1.169,0.83,25.39,1842,10.086539791562211,3169.0916666666667,158.16377820652406,soilgrids_imputed,True
1642.MS00134,1642,Japan,35.117,138.937,,Wetland_Paddy,alluvial paddy field soil,5.44,43.88,2.607,20.72,33.81,35.62,30.57,1.169,0.83,25.39,1865,10.084765028773324,3605.75,167.16578393195294,soilgrids_imputed,True
1642.MS00133,1642,Japan,35.117,138.937,,Wetland_Paddy,alluvial paddy field soil,5.44,43.88,2.607,20.72,33.81,35.62,30.57,1.169,0.83,25.39,1887,10.123507945935716,3276.023498694517,157.6136688173061,soilgrids_imputed,True
1642.MS00132,1642,Japan,35.117,138.937,,Wetland_Paddy,alluvial paddy field soil,5.44,43.88,2.607,20.72,33.81,35.62,30.57,1.169,0.83,25.39,1822,9.891966986325032,3304.448680351906,156.71277040316596,soilgrids_imputed,True
1642.MS00131,1642,Japan,35.117,138.937,,Wetland_Paddy,alluvial paddy field soil,5.44,43.88,2.607,20.72,33.81,35.62,30.57,1.169,0.83,25.39,1937,10.263671430869165,3346.401595744681,163.42834700639258,soilgrids_imputed,True
1642.MS00130,1642,Japan,35.117,138.937,,Wetland_Paddy,alluvial paddy field soil,5.44,43.88,2.607,20.72,33.81,35.62,30.57,1.169,0.85,24.48,1940,10.239431580385356,3494.9669421487606,164.41679581775003,soilgrids_imputed,True
1642.MS00128,1642,Japan,35.117,138.937,,Wetland_Paddy,alluvial paddy field soil,5.44,43.88,2.607,20.72,33.81,35.62,30.57,1.169,0.85,24.48,1848,10.041909733620471,3562.792569659443,155.80195049427496,soilgrids_imputed,True
1642.MS00127,1642,Japan,35.117,138.937,,Wetland_Paddy,alluvial paddy field soil,5.44,43.88,2.607,20.72,33.81,35.62,30.57,1.169,0.85,24.48,1966,10.198890006155588,3674.677419354839,175.6982637962565,soilgrids_imputed,True
1642.MS00126,1642,Japan,35.117,138.937,,Wetland_Paddy,alluvial paddy field soil,5.44,43.88,2.607,20.72,33.81,35.62,30.57,1.169,0.85,24.48,1963,10.23771027478147,3638.622950819672,178.43912072613205,soilgrids_imputed,True
1642.MS00125,1642,Japan,35.117,138.937,,Wetland_Paddy,alluvial paddy field soil,5.44,43.88,2.607,20.72,33.81,35.62,30.57,1.169,0.85,24.48,1908,10.164146513226386,3738.6073619631898,168.549701101804,soilgrids_imputed,True
1642.MS00124,1642,Japan,35.117,138.937,,Wetland_Paddy,alluvial paddy field soil,5.44,43.88,2.607,20.72,33.81,35.62,30.57,1.169,0.85,24.48,1837,10.04495031016022,3558.685897435897,166.44813404724994,soilgrids_imputed,True
1642.MS00123,1642,Japan,35.117,138.937,,Wetland_Paddy,alluvial paddy field soil,5.44,43.88,2.607,20.72,33.81,35.62,30.57,1.169,0.85,24.48,1775,9.965889194118215,3066.6189111747854,155.93309162353157,soilgrids_imputed,True
1642.MS00122,1642,Japan,35.117,138.937,,Wetland_Paddy,alluvial paddy field soil,5.44,43.88,2.607,20.72,33.81,35.62,30.57,1.169,0.85,24.48,1904,10.161179995380296,3717.0094043887134,167.662981877293,soilgrids_imputed,True
1642.MS00121,1642,Japan,35.117,138.937,,Wetland_Paddy,alluvial paddy field soil,5.44,43.88,2.607,20.72,33.81,35.62,30.57,1.169,0.85,24.48,1931,10.168077950798269,3533.3705722070845,166.15797193032802,soilgrids_imputed,True
1642.MS00120,1642,Japan,35.117,138.937,,Wetland_Paddy,alluvial paddy field soil,5.44,43.88,2.607,20.72,33.81,35.62,30.57,1.169,0.87,26.11,1895,10.121474295379151,3476.042253521127,162.09253436929413,soilgrids_imputed,True
1642.MS00119,1642,Japan,35.117,138.937,,Wetland_Paddy,alluvial paddy field soil,5.44,43.88,2.607,20.72,33.81,35.62,30.57,1.169,0.87,26.11,1983,10.26142862668403,3795.1732954545455,170.02055440073602,soilgrids_imputed,True
1642.MS00118,1642,Japan,35.117,138.937,,Wetland_Paddy,alluvial paddy field soil,5.44,43.88,2.607,20.72,33.81,35.62,30.57,1.169,0.87,26.11,1993,10.213304021906104,4375.119205298012,169.39550143765396,soilgrids_imputed,True
1642.MS00117,1642,Japan,35.117,138.937,,Wetland_Paddy,alluvial paddy field soil,5.44,43.88,2.607,20.72,33.81,35.62,30.57,1.169,0.87,26.11,1942,10.203121272424944,3847.076687116564,174.2179891071915,soilgrids_imputed,True
1642.MS00116,1642,Japan,35.117,138.937,,Wetland_Paddy,alluvial paddy field soil,5.44,43.88,2.607,20.72,33.81,35.62,30.57,1.169,0.87,26.11,1817,10.042230371501017,3351.655172413793,160.7254189451511,soilgrids_imputed,True
1642.MS00115,1642,Japan,35.117,138.937,,Wetland_Paddy,alluvial paddy field soil,5.44,43.88,2.607,20.72,33.81,35.62,30.57,1.169,0.87,26.11,1825,10.0289438208372,3334.0442477876104,158.30983679748158,soilgrids_imputed,True
1642.MS00114,1642,Japan,35.117,138.937,,Wetland_Paddy,alluvial paddy field soil,5.44,43.88,2.607,20.72,33.81,35.62,30.57,1.169,0.87,26.11,1823,9.919789677260631,3387.694117647058,157.45500060534957,soilgrids_imputed,True
1642.MS00113,1642,Japan,35.117,138.937,,Wetland_Paddy,alluvial paddy field soil,5.44,43.88,2.607,20.72,33.81,35.62,30.57,1.169,0.87,26.11,1891,10.169230600532408,3481.890207715133,161.05915910021798,soilgrids_imputed,True
1642.MS00112,1642,Japan,35.117,138.937,,Wetland_Paddy,alluvial paddy field soil,5.44,43.88,2.607,20.72,33.81,35.62,30.57,1.169,0.87,26.11,1897,10.174895433799112,3606.774096385542,168.6781825483821,soilgrids_imputed,True
1642.MS00111,1642,Japan,35.117,138.937,,Wetland_Paddy,alluvial paddy field soil,5.44,43.88,2.607,20.72,33.81,35.62,30.57,1.169,0.87,26.11,1926,10.215804390530687,3563.514450867052,163.83541084774197,soilgrids_imputed,True
1642.MS00110,1642,Japan,35.117,138.937,,Wetland_Paddy,alluvial paddy field soil,5.44,43.88,2.607,20.72,33.81,35.62,30.57,1.169,0.87,26.11,1864,10.110203139440545,3763.763513513513,164.477920671513,soilgrids_imputed,True
1642.MS00109,1642,Japan,35.117,138.937,,Wetland_Paddy,alluvial paddy field soil,5.44,43.88,2.607,20.72,33.81,35.62,30.57,1.169,0.87,26.11,1870,10.10875080773927,3412.017391304348,167.25280233493743,soilgrids_imputed,True
1642.MS00108,1642,Japan,35.117,138.937,,Wetland_Paddy,alluvial paddy field soil,5.44,43.88,2.607,20.72,33.81,35.62,30.57,1.169,0.87,26.11,1891,10.151205801487189,3439.2577903682727,158.15248656253598,soilgrids_imputed,True
1642.MS00107,1642,Japan,35.117,138.937,,Wetland_Paddy,alluvial paddy field soil,5.44,43.88,2.607,20.72,33.81,35.62,30.57,1.169,0.87,26.11,1914,10.150360417498373,3415.0243902439024,165.35562705966404,soilgrids_imputed,True
1642.MS00106,1642,Japan,35.117,138.937,,Wetland_Paddy,alluvial paddy field soil,5.44,43.88,2.607,20.72,33.81,35.62,30.57,1.169,0.87,26.11,1871,10.075542589200133,3408.840909090909,160.754691830205,soilgrids_imputed,True
1642.MS00105,1642,Japan,35.117,138.937,,Wetland_Paddy,alluvial paddy field soil,5.44,43.88,2.607,20.72,33.81,35.62,30.57,1.169,0.87,26.11,1964,10.226292639414687,3408.90099009901,165.06366613940403,soilgrids_imputed,True
1642.MS00104,1642,Japan,35.117,138.937,,Wetland_Paddy,alluvial paddy field soil,5.44,43.88,2.607,20.72,33.81,35.62,30.57,1.169,0.87,26.11,2009,10.251797505954602,3915.249283667622,173.07332525745502,soilgrids_imputed,True
1642.MS00103,1642,Japan,35.117,138.937,,Wetland_Paddy,alluvial paddy field soil,5.44,43.88,2.607,20.72,33.81,35.62,30.57,1.169,0.87,26.11,1865,10.040866587569264,3584.663608562691,165.65147887290306,soilgrids_imputed,True
1642.MS00102,1642,Japan,35.117,138.937,,Wetland_Paddy,alluvial paddy field soil,5.44,43.88,2.607,20.72,33.81,35.62,30.57,1.169,0.87,26.11,1942,10.217541111554178,3587.6843575419,163.27321751096505,soilgrids_imputed,True
1642.MS00101,1642,Japan,35.117,138.937,,Wetland_Paddy,alluvial paddy field soil,5.44,43.88,2.607,20.72,33.81,35.62,30.57,1.169,0.87,26.11,1747,9.861476661320443,3303.8032786885246,151.2950526285531,soilgrids_imputed,True
1642.MS00100,1642,Japan,35.117,138.937,,Wetland_Paddy,alluvial paddy field soil,5.44,43.88,2.607,20.72,33.81,35.62,30.57,1.169,0.87,26.11,1663,9.828771516946087,2879.666666666667,137.75328408658902,soilgrids_imputed,True
1642.MS00099,1642,Japan,35.117,138.937,,Wetland_Paddy,alluvial paddy field soil,5.44,43.88,2.607,20.72,33.81,35.62,30.57,1.169,0.87,26.11,1828,10.0279998009941,3338.517751479289,157.5534929149171,soilgrids_imputed,True
1642.MS00098,1642,Japan,35.117,138.937,,Wetland_Paddy,alluvial paddy field soil,5.44,43.88,2.607,20.72,33.81,35.62,30.57,1.169,0.87,26.11,1904,10.155143161634117,3510.5761194029847,163.64145269118802,soilgrids_imputed,True
1642.MS00097,1642,Japan,35.117,138.937,,Wetland_Paddy,alluvial paddy field soil,5.44,43.88,2.607,20.72,33.81,35.62,30.57,1.169,0.87,26.11,1958,10.26096959509767,3447.88188976378,164.78668195305303,soilgrids_imputed,True
1642.MS00096,1642,Japan,35.117,138.937,,Wetland_Paddy,alluvial paddy field soil,5.44,43.88,2.607,20.72,33.81,35.62,30.57,1.169,0.87,26.11,1940,10.226861846776552,3395.8707124010552,163.58101752324598,soilgrids_imputed,True
1642.MS00095,1642,Japan,35.117,138.937,,Wetland_Paddy,alluvial paddy field soil,5.44,43.88,2.607,20.72,33.81,35.62,30.57,1.169,0.87,26.11,1950,10.215755903595577,3625.150141643059,156.8011368350975,soilgrids_imputed,True
1642.MS00094,1642,Japan,35.117,138.937,,Wetland_Paddy,alluvial paddy field soil,5.44,43.88,2.607,20.72,33.81,35.62,30.57,1.169,0.87,26.11,1835,10.084205322327133,3206.1815561959656,149.45318298062804,soilgrids_imputed,True
1642.MS00093,1642,Japan,35.117,138.937,,Wetland_Paddy,alluvial paddy field soil,5.44,43.88,2.607,20.72,33.81,35.62,30.57,1.169,0.87,26.11,1962,10.270338942782386,3440.2421875,159.92774507840548,soilgrids_imputed,True
1642.MS00092,1642,Japan,35.117,138.937,,Wetland_Paddy,alluvial paddy field soil,5.44,43.88,2.607,20.72,33.81,35.62,30.57,1.169,0.87,26.11,1939,10.245036059362944,3235.6775,152.2725754091191,soilgrids_imputed,True
1642.MS00091,1642,Japan,35.117,138.937,,Wetland_Paddy,alluvial paddy field soil,5.44,43.88,2.607,20.72,33.81,35.62,30.57,1.169,0.87,26.11,1855,10.10974989189919,3141.085790884719,152.97489654771655,soilgrids_imputed,True
1642.MS00090,1642,Japan,35.117,138.937,,Wetland_Paddy,alluvial paddy field soil,5.44,43.88,2.607,20.72,33.81,35.62,30.57,1.169,0.87,26.11,1895,10.187145756704158,3317.15877437326,151.3932443196,soilgrids_imputed,True
1642.MS00089,1642,Japan,35.117,138.937,,Wetland_Paddy,alluvial paddy field soil,5.44,43.88,2.607,20.72,33.81,35.62,30.57,1.169,0.87,26.11,1862,10.199193221310864,3123.150684931507,152.952602831411,soilgrids_imputed,True
1642.MS00088,1642,Japan,35.117,138.937,,Wetland_Paddy,alluvial paddy field soil,5.44,43.88,2.607,20.72,33.81,35.62,30.57,1.169,0.87,26.11,1724,10.11144506146002,2420.973557692308,136.58958137939308,soilgrids_imputed,True
1642.MS00087,1642,Japan,35.117,138.937,,Wetland_Paddy,alluvial paddy field soil,5.44,43.88,2.607,20.72,33.81,35.62,30.57,1.169,0.87,26.11,1971,10.252881542241688,3560.1875,161.55833532864904,soilgrids_imputed,True
1642.MS00086,1642,Japan,35.117,138.937,,Wetland_Paddy,alluvial paddy field soil,5.44,43.88,2.607,20.72,33.81,35.62,30.57,1.169,0.87,26.11,1962,10.231946874781151,3657.977715877437,169.17466695902505,soilgrids_imputed,True
1642.MS00085,1642,Japan,35.117,138.937,,Wetland_Paddy,alluvial paddy field soil,5.44,43.88,2.607,20.72,33.81,35.62,30.57,1.169,0.87,26.11,1879,10.169028709434627,3386.582352941177,149.380951949184,soilgrids_imputed,True
1642.MS00084,1642,Japan,35.117,138.937,,Wetland_Paddy,alluvial paddy field soil,5.44,43.88,2.607,20.72,33.81,35.62,30.57,1.169,0.87,26.11,1954,10.256000535207836,3574.0788732394367,156.2627644979799,soilgrids_imputed,True
1642.MS00083,1642,Japan,35.117,138.937,,Wetland_Paddy,alluvial paddy field soil,5.44,43.88,2.607,20.72,33.81,35.62,30.57,1.169,0.87,26.11,1921,10.194628070831005,3231.574626865672,152.91789816278057,soilgrids_imputed,True
1642.MS00082,1642,Japan,35.117,138.937,,Wetland_Paddy,alluvial paddy field soil,5.44,43.88,2.607,20.72,33.81,35.62,30.57,1.169,0.87,26.11,1884,10.193763808629567,3016.525672371639,144.91552366535612,soilgrids_imputed,True
1642.MS00081,1642,Japan,35.117,138.937,,Wetland_Paddy,alluvial paddy field soil,5.44,43.88,2.607,20.72,33.81,35.62,30.57,1.169,0.87,26.11,1987,10.261509164225163,3596.393139841689,162.47379509221153,soilgrids_imputed,True
1642.MS00080,1642,Japan,35.117,138.937,,Wetland_Paddy,alluvial paddy field soil,5.44,43.88,2.607,20.72,33.81,35.62,30.57,1.169,0.87,26.11,1938,10.15060744539688,3573.0408719346046,163.780622965402,soilgrids_imputed,True
1642.MS00079,1642,Japan,35.117,138.937,,Wetland_Paddy,alluvial paddy field soil,5.44,43.88,2.607,20.72,33.81,35.62,30.57,1.169,0.87,26.11,1905,10.127742070668845,3667.7207207207207,162.35972589156697,soilgrids_imputed,True
1642.MS00078,1642,Japan,35.117,138.937,,Wetland_Paddy,alluvial paddy field soil,5.44,43.88,2.607,20.72,33.81,35.62,30.57,1.169,0.87,26.11,2008,10.281032330443812,3876.879310344828,166.86266731779395,soilgrids_imputed,True
1642.MS00077,1642,Japan,35.117,138.937,,Wetland_Paddy,alluvial paddy field soil,5.44,43.88,2.607,20.72,33.81,35.62,30.57,1.169,0.87,26.11,1930,10.188155994110785,3340.354755784062,167.37271681568404,soilgrids_imputed,True
1642.MS00076,1642,Japan,35.117,138.937,,Wetland_Paddy,alluvial paddy field soil,5.44,43.88,2.607,20.72,33.81,35.62,30.57,1.169,0.87,26.11,1823,10.054163696085665,3056.7567567567567,149.95757437795749,soilgrids_imputed,True
1642.MS00075,1642,Japan,35.117,138.937,,Wetland_Paddy,alluvial paddy field soil,5.44,43.88,2.607,20.72,33.81,35.62,30.57,1.169,0.87,26.11,1940,10.156425132133633,3756.3203592814366,157.66193877724805,soilgrids_imputed,True
1642.MS00074,1642,Japan,35.117,138.937,,Wetland_Paddy,alluvial paddy field soil,5.44,43.88,2.607,20.72,33.81,35.62,30.57,1.169,0.87,26.11,1876,10.0960165044178,3160.92125984252,150.09218820644205,soilgrids_imputed,True
1642.MS00073,1642,Japan,35.117,138.937,,Wetland_Paddy,alluvial paddy field soil,5.44,43.88,2.607,20.72,33.81,35.62,30.57,1.169,0.87,26.11,1840,10.20087895088236,3080.46875,149.93819854688255,soilgrids_imputed,True
1642.MS00072,1642,Japan,35.117,138.937,,Wetland_Paddy,alluvial paddy field soil,5.44,43.88,2.607,20.72,33.81,35.62,30.57,1.169,0.87,26.11,1751,9.968595161193525,2983.6884272997027,147.1669842034745,soilgrids_imputed,True
1642.MS00071,1642,Japan,35.117,138.937,,Wetland_Paddy,alluvial paddy field soil,5.44,43.88,2.607,20.72,33.81,35.62,30.57,1.169,0.87,26.11,1969,10.169370644938905,3777.965909090909,164.60401959404396,soilgrids_imputed,True
1642.MS00070,1642,Japan,35.117,138.937,,Wetland_Paddy,alluvial paddy field soil,5.44,43.88,2.607,20.72,33.81,35.62,30.57,1.169,0.91,23.54,1891,10.138932632664051,3448.256338028169,156.99312135458447,soilgrids_imputed,True
1642.MS00069,1642,Japan,35.117,138.937,,Wetland_Paddy,alluvial paddy field soil,5.44,43.88,2.607,20.72,33.81,35.62,30.57,1.169,0.91,23.54,1860,10.039354052529546,3699.545454545456,153.41291487255,soilgrids_imputed,True
1642.MS00068,1642,Japan,35.117,138.937,,Wetland_Paddy,alluvial paddy field soil,5.44,43.88,2.607,20.72,33.81,35.62,30.57,1.169,0.91,23.54,1950,10.223911554319049,3586.7966101694915,161.6733415431096,soilgrids_imputed,True
1642.MS00067,1642,Japan,35.117,138.937,,Wetland_Paddy,alluvial paddy field soil,5.44,43.88,2.607,20.72,33.81,35.62,30.57,1.169,0.91,23.54,1840,10.005908389999243,3208.812154696133,160.64958210502346,soilgrids_imputed,True
1642.MS00066,1642,Japan,35.117,138.937,,Wetland_Paddy,alluvial paddy field soil,5.44,43.88,2.607,20.72,33.81,35.62,30.57,1.169,0.91,23.54,1823,10.10680766211996,3124.4502923976606,147.76424103205346,soilgrids_imputed,True
1642.MS00065,1642,Japan,35.117,138.937,,Wetland_Paddy,alluvial paddy field soil,5.44,43.88,2.607,20.72,33.81,35.62,30.57,1.169,0.91,23.54,1835,10.083265374793756,3054.856,148.18938541949996,soilgrids_imputed,True
1642.MS00064,1642,Japan,35.117,138.937,,Wetland_Paddy,alluvial paddy field soil,5.44,43.88,2.607,20.72,33.81,35.62,30.57,1.169,0.91,23.54,1765,9.937712220076364,3221.546875,149.40454833468598,soilgrids_imputed,True
1642.MS00063,1642,Japan,35.117,138.937,,Wetland_Paddy,alluvial paddy field soil,5.44,43.88,2.607,20.72,33.81,35.62,30.57,1.169,0.91,23.54,1940,10.177151565401005,3733.2105263157887,166.95520876407062,soilgrids_imputed,True
1642.MS00062,1642,Japan,35.117,138.937,,Wetland_Paddy,alluvial paddy field soil,5.44,43.88,2.607,20.72,33.81,35.62,30.57,1.169,0.91,23.54,1934,10.185983980460271,3491.3,166.53185027735805,soilgrids_imputed,True
1642.MS00061,1642,Japan,35.117,138.937,,Wetland_Paddy,alluvial paddy field soil,5.44,43.88,2.607,20.72,33.81,35.62,30.57,1.169,0.91,23.54,1830,9.981346146608876,3449.753086419753,153.54062830408498,soilgrids_imputed,True
1642.MS00060,1642,Japan,35.117,138.937,,Wetland_Paddy,alluvial paddy field soil,5.44,43.88,2.607,20.72,33.81,35.62,30.57,1.169,0.91,18.48,1854,10.080100778781762,3432.4513274336286,152.425326042454,soilgrids_imputed,True
1642.MS00059,1642,Japan,35.117,138.937,,Wetland_Paddy,alluvial paddy field soil,5.44,43.88,2.607,20.72,33.81,35.62,30.57,1.169,0.91,18.48,1885,10.075665279951217,3422.454545454545,152.61057571649806,soilgrids_imputed,True
1642.MS00058,1642,Japan,35.117,138.937,,Wetland_Paddy,alluvial paddy field soil,5.44,43.88,2.607,20.72,33.81,35.62,30.57,1.169,0.91,18.48,1865,9.97587714175549,3333.407303370787,151.9353504353059,soilgrids_imputed,True
1642.MS00057,1642,Japan,35.117,138.937,,Wetland_Paddy,alluvial paddy field soil,5.44,43.88,2.607,20.72,33.81,35.62,30.57,1.169,0.91,18.48,1758,9.883151751976223,3002.002849002849,143.8188502788025,soilgrids_imputed,True
1642.MS00054,1642,Japan,35.117,138.937,,Wetland_Paddy,alluvial paddy field soil,5.44,43.88,2.607,20.72,33.81,35.62,30.57,1.169,0.91,18.48,1901,10.158790031340756,3528.363636363636,162.22570338137862,soilgrids_imputed,True
1642.MS00051,1642,Japan,35.117,138.937,,Wetland_Paddy,alluvial paddy field soil,5.44,43.88,2.607,20.72,33.81,35.62,30.57,1.169,0.91,18.48,1929,10.21761096055102,3436.581967213115,153.45713993732318,soilgrids_imputed,True
1642.MS00050,1642,Japan,35.117,138.937,,Wetland_Paddy,alluvial paddy field soil,5.44,43.88,2.607,20.72,33.81,35.62,30.57,1.169,0.91,18.48,1871,10.15580956559875,3233.3002754820936,153.14452977837402,soilgrids_imputed,True
1642.MS00049,1642,Japan,35.117,138.937,,Wetland_Paddy,alluvial paddy field soil,5.44,43.88,2.607,20.72,33.81,35.62,30.57,1.169,0.91,18.48,1907,10.166102866988073,3433.634078212291,158.28816858304216,soilgrids_imputed,True
1642.MS00048,1642,Japan,35.117,138.937,,Wetland_Paddy,alluvial paddy field soil,5.44,43.88,2.607,20.72,33.81,35.62,30.57,1.169,0.91,18.48,1908,10.154252597131324,3704.11801242236,163.9502198566551,soilgrids_imputed,True
1642.MS00047,1642,Japan,35.117,138.937,,Wetland_Paddy,alluvial paddy field soil,5.44,43.88,2.607,20.72,33.81,35.62,30.57,1.169,0.91,18.48,1958,10.234380560863029,3693.394736842105,166.543523819209,soilgrids_imputed,True
1642.MS00046,1642,Japan,35.117,138.937,,Wetland_Paddy,alluvial paddy field soil,5.44,43.88,2.607,20.72,33.81,35.62,30.57,1.169,0.91,18.48,1872,10.101123729182824,3430.542857142857,158.5882463539659,soilgrids_imputed,True
1642.MS00045,1642,Japan,35.117,138.937,,Wetland_Paddy,alluvial paddy field soil,5.44,43.88,2.607,20.72,33.81,35.62,30.57,1.169,0.91,18.48,1883,10.091910940373484,3700.668769716088,157.509718896424,soilgrids_imputed,True
1642.MS00044,1642,Japan,35.117,138.937,,Wetland_Paddy,alluvial paddy field soil,5.44,43.88,2.607,20.72,33.81,35.62,30.57,1.169,0.91,18.48,1901,10.160872681492243,3476.0811594202887,164.5169393391681,soilgrids_imputed,True
1642.MS00043,1642,Japan,35.117,138.937,,Wetland_Paddy,alluvial paddy field soil,5.44,43.88,2.607,20.72,33.81,35.62,30.57,1.169,0.91,18.48,1804,9.954389978159,3530.544850498339,153.33830692963298,soilgrids_imputed,True
1642.MS00142,1642,Japan,35.117,138.937,,Wetland_Paddy,alluvial paddy field soil,5.44,43.88,2.607,20.72,33.81,35.62,30.57,1.169,0.83,25.39,1868,10.111951563913363,3392.0175953079174,159.78330295395403,soilgrids_imputed,True
1642.MS00141,1642,Japan,35.117,138.937,,Wetland_Paddy,alluvial paddy field soil,5.44,43.88,2.607,20.72,33.81,35.62,30.57,1.169,0.83,25.39,1985,10.263123515696382,3891.15,165.65690006890162,soilgrids_imputed,True
1642.MS00140,1642,Japan,35.117,138.937,,Wetland_Paddy,alluvial paddy field soil,5.44,43.88,2.607,20.72,33.81,35.62,30.57,1.169,0.83,25.39,1864,10.100541079039305,3526.509090909092,163.29918674797105,soilgrids_imputed,True
1642.MS00042,1642,Japan,35.117,138.937,,Wetland_Paddy,alluvial paddy field soil,5.44,43.88,2.607,20.72,33.81,35.62,30.57,1.169,0.91,18.48,1946,10.15853649445776,3553.0135135135133,166.9131091392899,soilgrids_imputed,True
1642.MS00041,1642,Japan,35.117,138.937,,Wetland_Paddy,alluvial paddy field soil,5.44,43.88,2.607,20.72,33.81,35.62,30.57,1.169,0.91,18.48,1896,10.168700618232949,3457.528571428572,159.5007411572671,soilgrids_imputed,True
1642.MS00040,1642,Japan,35.117,138.937,,Wetland_Paddy,alluvial paddy field soil,5.44,43.88,2.607,20.72,33.81,35.62,30.57,1.169,0.91,18.48,1807,10.034542888371064,3277.1121495327097,146.76500057423704,soilgrids_imputed,True
1642.MS00039,1642,Japan,35.117,138.937,,Wetland_Paddy,alluvial paddy field soil,5.44,43.88,2.607,20.72,33.81,35.62,30.57,1.169,0.91,18.48,1888,10.115597369757335,3574.7203647416413,158.17217191700252,soilgrids_imputed,True
1642.MS00038,1642,Japan,35.117,138.937,,Wetland_Paddy,alluvial paddy field soil,5.44,43.88,2.607,20.72,33.81,35.62,30.57,1.169,0.91,18.48,1895,10.14758871842878,3550.6637168141588,163.3213658526865,soilgrids_imputed,True
1642.MS00037,1642,Japan,35.117,138.937,,Wetland_Paddy,alluvial paddy field soil,5.44,43.88,2.607,20.72,33.81,35.62,30.57,1.169,0.91,18.48,1933,10.218608526682036,3681.503012048192,161.78137781607504,soilgrids_imputed,True
1642.MS00036,1642,Japan,35.117,138.937,,Wetland_Paddy,alluvial paddy field soil,5.44,43.88,2.607,20.72,33.81,35.62,30.57,1.169,0.91,18.48,1894,10.17031396157562,3371.036516853933,148.04989497037496,soilgrids_imputed,True
1642.MS00034,1642,Japan,35.117,138.937,,Wetland_Paddy,alluvial paddy field soil,5.44,43.88,2.607,20.72,33.81,35.62,30.57,1.169,0.91,18.48,1796,10.09548835728674,2979.8135593220345,142.12446793263902,soilgrids_imputed,True
1642.MS00033,1642,Japan,35.117,138.937,,Wetland_Paddy,alluvial paddy field soil,5.44,43.88,2.607,20.72,33.81,35.62,30.57,1.169,0.91,18.48,1930,10.156595722628836,3669.304347826087,154.13383708091305,soilgrids_imputed,True
1642.MS00032,1642,Japan,35.117,138.937,,Wetland_Paddy,alluvial paddy field soil,5.44,43.88,2.607,20.72,33.81,35.62,30.57,1.169,0.91,18.48,1895,10.136865221679397,3670.0093457943926,160.04040835318702,soilgrids_imputed,True
1642.MS00031,1642,Japan,35.117,138.937,,Wetland_Paddy,alluvial paddy field soil,5.44,43.88,2.607,20.72,33.81,35.62,30.57,1.169,0.91,18.48,1799,10.051421383455146,3159.246290801187,151.33114071540194,soilgrids_imputed,True
1642.MS00030,1642,Japan,35.117,138.937,,Wetland_Paddy,alluvial paddy field soil,5.44,43.88,2.607,20.72,33.81,35.62,30.57,1.169,0.91,18.48,1837,9.999997893597936,3443.891891891892,158.0729132981205,soilgrids_imputed,True
1642.MS00029,1642,Japan,35.117,138.937,,Wetland_Paddy,alluvial paddy field soil,5.44,43.88,2.607,20.72,33.81,35.62,30.57,1.169,0.91,18.48,1839,10.069755623752524,3295.0293255131965,161.13376911241002,soilgrids_imputed,True
1642.MS00028,1642,Japan,35.117,138.937,,Wetland_Paddy,alluvial paddy field soil,5.44,43.88,2.607,20.72,33.81,35.62,30.57,1.169,0.91,18.48,1875,10.112581840651512,3376.232294617564,156.9996004078121,soilgrids_imputed,True
1642.MS00027,1642,Japan,35.117,138.937,,Wetland_Paddy,alluvial paddy field soil,5.44,43.88,2.607,20.72,33.81,35.62,30.57,1.169,0.91,18.48,1770,9.992250074485604,3094.161676646708,150.02438495785304,soilgrids_imputed,True
1642.MS00026,1642,Japan,35.117,138.937,,Wetland_Paddy,alluvial paddy field soil,5.44,43.88,2.607,20.72,33.81,35.62,30.57,1.169,0.91,18.48,1816,10.137455227311944,2878.4935064935057,145.93196157863616,soilgrids_imputed,True
1642.MS00025,1642,Japan,35.117,138.937,,Wetland_Paddy,alluvial paddy field soil,5.44,43.88,2.607,20.72,33.81,35.62,30.57,1.169,0.91,18.48,1851,10.09159022908226,3231.25069637883,153.67206993789517,soilgrids_imputed,True
1642.MS00024,1642,Japan,35.117,138.937,,Wetland_Paddy,alluvial paddy field soil,5.44,43.88,2.607,20.72,33.81,35.62,30.57,1.169,0.91,18.48,1782,9.895998566336488,3461.451827242525,152.008858632032,soilgrids_imputed,True
1642.MS00023,1642,Japan,35.117,138.937,,Wetland_Paddy,alluvial paddy field soil,5.44,43.88,2.607,20.72,33.81,35.62,30.57,1.169,0.91,18.48,1882,10.124008452979984,3446.5,161.6983419985211,soilgrids_imputed,True
1642.MS00022,1642,Japan,35.117,138.937,,Wetland_Paddy,alluvial paddy field soil,5.44,43.88,2.607,20.72,33.81,35.62,30.57,1.169,0.91,18.48,1895,10.118806752724952,3430.2106741573034,152.43644656697805,soilgrids_imputed,True
1642.MS00021,1642,Japan,35.117,138.937,,Wetland_Paddy,alluvial paddy field soil,5.44,43.88,2.607,20.72,33.81,35.62,30.57,1.169,0.91,18.48,1894,10.160372374655733,3609.654205607477,161.17866834333398,soilgrids_imputed,True
1642.MS00020,1642,Japan,35.117,138.937,,Wetland_Paddy,alluvial paddy field soil,5.44,43.88,2.607,20.72,33.81,35.62,30.57,1.169,0.91,18.48,1876,10.143783449795496,3351.425352112676,149.66634574372813,soilgrids_imputed,True
1642.MS00019,1642,Japan,35.117,138.937,,Wetland_Paddy,alluvial paddy field soil,5.44,43.88,2.607,20.72,33.81,35.62,30.57,1.169,0.91,18.48,1920,10.169605192341772,3514.541899441341,156.80946498997454,soilgrids_imputed,True
1642.MS00018,1642,Japan,35.117,138.937,,Wetland_Paddy,alluvial paddy field soil,5.44,43.88,2.607,20.72,33.81,35.62,30.57,1.169,0.91,18.48,1879,10.111001842682644,3385.8547008547007,158.9605588266812,soilgrids_imputed,True
1642.MS00017,1642,Japan,35.117,138.937,,Wetland_Paddy,alluvial paddy field soil,5.44,43.88,2.607,20.72,33.81,35.62,30.57,1.169,0.91,18.48,1858,10.078237437698435,3277.3296703296696,157.392644554564,soilgrids_imputed,True
1642.MS00016,1642,Japan,35.117,138.937,,Wetland_Paddy,alluvial paddy field soil,5.44,43.88,2.607,20.72,33.81,35.62,30.57,1.169,0.91,18.48,1894,10.104645874144053,3691.22291021672,163.75502439872048,soilgrids_imputed,True
1642.MS00014,1642,Japan,35.117,138.937,,Wetland_Paddy,alluvial paddy field soil,5.44,43.88,2.607,20.72,33.81,35.62,30.57,1.169,0.91,18.48,1782,9.86000441071624,3474.8405315614614,157.82252355140355,soilgrids_imputed,True
1642.MS00013,1642,Japan,35.117,138.937,,Wetland_Paddy,alluvial paddy field soil,5.44,43.88,2.607,20.72,33.81,35.62,30.57,1.169,0.91,18.48,1941,10.203575032417898,3684.680351906159,160.699509459446,soilgrids_imputed,True
1642.MS00012,1642,Japan,35.117,138.937,,Wetland_Paddy,alluvial paddy field soil,5.44,43.88,2.607,20.72,33.81,35.62,30.57,1.169,0.91,18.48,1924,10.138606683069463,3518.6,159.71615169499862,soilgrids_imputed,True
1642.MS00011,1642,Japan,35.117,138.937,,Wetland_Paddy,alluvial paddy field soil,5.44,43.88,2.607,20.72,33.81,35.62,30.57,1.169,0.91,18.48,1909,10.188831567131489,3358.0,156.0068421208329,soilgrids_imputed,True
1642.MS00010,1642,Japan,35.117,138.937,,Wetland_Paddy,alluvial paddy field soil,5.44,43.88,2.607,20.72,33.81,35.62,30.57,1.169,0.88,19.86,1886,10.07628879946618,3705.7586206896553,150.94364248967594,soilgrids_imputed,True
1642.MS00009,1642,Japan,35.117,138.937,,Wetland_Paddy,alluvial paddy field soil,5.44,43.88,2.607,20.72,33.81,35.62,30.57,1.169,0.88,19.86,1836,10.107033076915728,3421.182965299685,147.70656067583397,soilgrids_imputed,True
1642.MS00008,1642,Japan,35.117,138.937,,Wetland_Paddy,alluvial paddy field soil,5.44,43.88,2.607,20.72,33.81,35.62,30.57,1.169,0.88,19.86,1765,10.00123906608346,3164.5318471337573,147.19623248459845,soilgrids_imputed,True
1642.MS00007,1642,Japan,35.117,138.937,,Wetland_Paddy,alluvial paddy field soil,5.44,43.88,2.607,20.72,33.81,35.62,30.57,1.169,0.88,19.86,1620,9.691603359404809,2810.472972972973,132.47560902901196,soilgrids_imputed,True
1642.MS00006,1642,Japan,35.117,138.937,,Wetland_Paddy,alluvial paddy field soil,5.44,43.88,2.607,20.72,33.81,35.62,30.57,1.169,0.88,19.86,1831,10.0397766780211,3207.8097982708928,152.6130452019395,soilgrids_imputed,True
1642.MS00005,1642,Japan,35.117,138.937,,Wetland_Paddy,alluvial paddy field soil,5.44,43.88,2.607,20.72,33.81,35.62,30.57,1.169,0.88,19.86,1844,10.077764043644471,3494.3144654088046,150.90927768820245,soilgrids_imputed,True
1642.MS00004,1642,Japan,35.117,138.937,,Wetland_Paddy,alluvial paddy field soil,5.44,43.88,2.607,20.72,33.81,35.62,30.57,1.169,0.88,19.86,1834,10.09174866282769,3230.5994236311244,148.67495013176492,soilgrids_imputed,True
1642.MS00003,1642,Japan,35.117,138.937,,Wetland_Paddy,alluvial paddy field soil,5.44,43.88,2.607,20.72,33.81,35.62,30.57,1.169,0.88,19.86,1928,10.166112846700669,3776.470948012232,165.87866399692197,soilgrids_imputed,True
1642.MS00002,1642,Japan,35.117,138.937,,Wetland_Paddy,alluvial paddy field soil,5.44,43.88,2.607,20.72,33.81,35.62,30.57,1.169,0.88,19.86,1770,9.992601518544271,3065.6824925816027,146.3556873173049,soilgrids_imputed,True
1642.MS00001,1642,Japan,35.117,138.937,,Wetland_Paddy,alluvial paddy field soil,5.44,43.88,2.607,20.72,33.81,35.62,30.57,1.169,0.88,19.86,1855,10.11740951654814,3018.148717948718,145.79001468825848,soilgrids_imputed,True
1711.KAJ6.3,1711,Kenya,0.15,35.52,0.2,Dryland_Cropland,farm soil,5.53,37.67,3.425,18.23,41.83,37.03,21.12,1.158,0.69,12.43,1365,9.449425633069904,1750.9180327868853,98.589487499378,soilgrids_imputed,True
1711.KAJ7.1,1711,Kenya,0.15,35.52,0.2,Dryland_Cropland,farm soil,5.53,37.67,3.425,18.23,41.83,37.03,21.12,1.158,0.69,12.43,1267,8.905798677769655,1613.5880503144656,93.07266395296207,soilgrids_imputed,True
1711.KAJ7.2,1711,Kenya,0.15,35.52,0.2,Dryland_Cropland,farm soil,5.53,37.67,3.425,18.23,41.83,37.03,21.12,1.158,0.69,12.43,1243,8.884664113571091,1656.9746835443038,90.94551441737404,soilgrids_imputed,True
1711.KAJ7.3,1711,Kenya,0.15,35.52,0.2,Dryland_Cropland,farm soil,5.53,37.67,3.425,18.23,41.83,37.03,21.12,1.158,0.69,12.43,1385,9.313252666993264,1851.7865168539329,97.66532430644212,soilgrids_imputed,True
1711.KAJ8.1,1711,Kenya,0.15,35.52,0.2,Dryland_Cropland,farm soil,5.53,37.67,3.425,18.23,41.83,37.03,21.12,1.158,0.69,12.43,1226,8.960912506512331,1625.9536423841062,86.25719316745817,soilgrids_imputed,True
1711.KAJ8.2,1711,Kenya,0.15,35.52,0.2,Dryland_Cropland,farm soil,5.53,37.67,3.425,18.23,41.83,37.03,21.12,1.158,0.69,12.43,847,8.9332644518999,957.3424657534248,70.68167910528152,soilgrids_imputed,True
1711.KAJ8.3,1711,Kenya,0.15,35.52,0.2,Dryland_Cropland,farm soil,5.53,37.67,3.425,18.23,41.83,37.03,21.12,1.158,0.69,12.43,1077,9.201197340807855,1263.342105263158,83.44844209579297,soilgrids_imputed,True
1711.KAJ9.1,1711,Kenya,0.15,35.52,0.2,Dryland_Cropland,farm soil,5.53,37.67,3.425,18.23,41.83,37.03,21.12,1.158,0.69,12.43,1401,9.469249612745656,1842.7672413793107,103.25580012397504,soilgrids_imputed,True
1711.KAJ9.2,1711,Kenya,0.15,35.52,0.2,Dryland_Cropland,farm soil,5.53,37.67,3.425,18.23,41.83,37.03,21.12,1.158,0.69,12.43,1287,9.328930273343872,1701.8103448275865,96.902897512494,soilgrids_imputed,True
1711.KAJ9.3,1711,Kenya,0.15,35.52,0.2,Dryland_Cropland,farm soil,5.53,37.67,3.425,18.23,41.83,37.03,21.12,1.158,0.69,12.43,1358,9.350235468909046,1894.5923566878985,102.5273943868085,soilgrids_imputed,True
1711.KAM7.1,1711,Kenya,0.15,35.52,0.2,Dryland_Cropland,farm soil,5.53,37.67,3.425,18.23,41.83,37.03,21.12,1.158,0.74,16.06,1273,9.308578357881844,1715.7852112676055,97.2738821727155,soilgrids_imputed,True
1711.KAM7.3,1711,Kenya,0.15,35.52,0.2,Dryland_Cropland,farm soil,5.53,37.67,3.425,18.23,41.83,37.03,21.12,1.158,0.74,16.06,1168,8.907018257319361,1472.8909090909092,95.16019994074554,soilgrids_imputed,True
1711.KAM8.1,1711,Kenya,0.15,35.52,0.2,Dryland_Cropland,farm soil,5.53,37.67,3.425,18.23,41.83,37.03,21.12,1.158,0.74,16.06,1244,9.273475389696015,1667.9388489208636,98.10517472673445,soilgrids_imputed,True
1711.KAM8.3,1711,Kenya,0.15,35.52,0.2,Dryland_Cropland,farm soil,5.53,37.67,3.425,18.23,41.83,37.03,21.12,1.158,0.74,16.06,1299,9.318894930052558,1804.680412371134,99.8364884149536,soilgrids_imputed,True
1711.KAM9.1,1711,Kenya,0.15,35.52,0.2,Dryland_Cropland,farm soil,5.53,37.67,3.425,18.23,41.83,37.03,21.12,1.158,0.74,16.06,1149,8.860004428407631,1489.9626865671644,89.27838799954695,soilgrids_imputed,True
1711.KAM9.2,1711,Kenya,0.15,35.52,0.2,Dryland_Cropland,farm soil,5.53,37.67,3.425,18.23,41.83,37.03,21.12,1.158,0.74,16.06,1216,9.170055763062503,1662.5120000000002,95.00732228314,soilgrids_imputed,True
1711.KAM9.3,1711,Kenya,0.15,35.52,0.2,Dryland_Cropland,farm soil,5.53,37.67,3.425,18.23,41.83,37.03,21.12,1.158,0.74,16.06,1339,9.345530192961425,1977.988929889299,103.45432923455196,soilgrids_imputed,True
1715.McG.NSEC3,1715,Nicaragua,13.26267,-86.236204,0.1,Dryland_Cropland,coffee plantation,6.3,37.0,3.293,29.37,39.77,26.97,33.27,,0.79,22.9,1072,8.221957015483126,1521.77868852459,79.321732701232,soilgrids_imputed,True
1715.McG.NSEC2,1715,Nicaragua,13.26267,-86.236204,0.1,Dryland_Cropland,coffee plantation,6.3,37.0,3.293,29.37,39.77,26.97,33.27,,0.79,22.9,1137,8.46456532648943,1538.4190140845071,82.34956190320099,soilgrids_imputed,True
1715.McG.NSEC1,1715,Nicaragua,13.26267,-86.236204,0.1,Dryland_Cropland,coffee plantation,6.3,37.0,3.293,29.37,39.77,26.97,33.27,,0.79,22.9,1204,8.572471923695595,1747.0563909774437,87.44888589763298,soilgrids_imputed,True
1715.McG.NS3,1715,Nicaragua,13.26267,-86.236204,0.1,Dryland_Cropland,coffee plantation,6.3,37.0,3.293,29.37,39.77,26.97,33.27,,0.81,22.97,1059,8.113801503179962,1407.64453125,77.69535665175,soilgrids_imputed,True
1715.McG.NS2,1715,Nicaragua,13.26267,-86.236204,0.1,Dryland_Cropland,coffee plantation,6.3,37.0,3.293,29.37,39.77,26.97,33.27,,0.81,22.97,1182,8.717858502957037,1527.0198675496688,89.207431150645,soilgrids_imputed,True
1715.McG.NS1,1715,Nicaragua,13.26267,-86.236204,0.1,Dryland_Cropland,coffee plantation,6.3,37.0,3.293,29.37,39.77,26.97,33.27,,0.81,22.97,1213,8.973087790303605,1497.3761194029848,90.32572405982796,soilgrids_imputed,True
1715.McG.NR3,1715,Nicaragua,13.26267,-86.236204,0.1,Dryland_Cropland,coffee plantation,6.3,37.0,3.293,29.37,39.77,26.97,33.27,,0.81,22.97,1184,8.217005868446972,1666.6315789473686,86.46901242447598,soilgrids_imputed,True
1715.McG.NR2,1715,Nicaragua,13.26267,-86.236204,0.1,Dryland_Cropland,coffee plantation,6.3,37.0,3.293,29.37,39.77,26.97,33.27,,0.81,22.97,1125,8.462999283095355,1575.8235294117646,83.01409933950097,soilgrids_imputed,True
1715.McG.NR1,1715,Nicaragua,13.26267,-86.236204,0.1,Dryland_Cropland,coffee plantation,6.3,37.0,3.293,29.37,39.77,26.97,33.27,,0.81,22.97,1138,8.475470316625973,1541.2410071942445,86.44845976927702,soilgrids_imputed,True
1715.McG.NQ3,1715,Nicaragua,13.26267,-86.236204,0.1,Dryland_Cropland,coffee plantation,6.3,37.0,3.293,29.37,39.77,26.97,33.27,,0.81,22.97,1213,8.643925720731767,1634.6990291262134,87.00028361271694,soilgrids_imputed,True
1715.McG.NQ2,1715,Nicaragua,13.26267,-86.236204,0.1,Dryland_Cropland,coffee plantation,6.3,37.0,3.293,29.37,39.77,26.97,33.27,,0.81,22.97,1130,8.41729445193095,1504.2717770034842,81.045049819362,soilgrids_imputed,True
1715.McG.NQ1,1715,Nicaragua,13.26267,-86.236204,0.1,Dryland_Cropland,coffee plantation,6.3,37.0,3.293,29.37,39.77,26.97,33.27,,0.81,22.97,1262,8.758908225995123,1636.3546511627906,96.53801665342398,soilgrids_imputed,True
1715.McG.NPRI3,1715,Nicaragua,13.26267,-86.236204,0.1,Dryland_Cropland,coffee plantation,6.3,37.0,3.293,29.37,39.77,26.97,33.27,,0.79,22.8,1261,8.944902140652912,1637.161290322581,95.73141892129296,soilgrids_imputed,True
1715.McG.NPRI2,1715,Nicaragua,13.26267,-86.236204,0.1,Dryland_Cropland,coffee plantation,6.3,37.0,3.293,29.37,39.77,26.97,33.27,,0.79,22.8,1159,8.46213363388917,1624.5373665480429,89.58904337037897,soilgrids_imputed,True
1715.McG.NPRI1,1715,Nicaragua,13.26267,-86.236204,0.1,Dryland_Cropland,coffee plantation,6.3,37.0,3.293,29.37,39.77,26.97,33.27,,0.79,22.8,1162,8.628675530133636,1583.3758865248226,88.61646392770899,soilgrids_imputed,True
1715.McG.NP3,1715,Nicaragua,13.26267,-86.236204,0.1,Dryland_Cropland,coffee plantation,6.3,37.0,3.293,29.37,39.77,26.97,33.27,,0.79,22.9,1135,8.672404980242165,1488.2342657342658,80.41702699523897,soilgrids_imputed,True
1715.McG.NP2,1715,Nicaragua,13.26267,-86.236204,0.1,Dryland_Cropland,coffee plantation,6.3,37.0,3.293,29.37,39.77,26.97,33.27,,0.79,22.9,1182,8.811032737302856,1536.0686274509806,88.62790491166602,soilgrids_imputed,True
1715.McG.NP1,1715,Nicaragua,13.26267,-86.236204,0.1,Dryland_Cropland,coffee plantation,6.3,37.0,3.293,29.37,39.77,26.97,33.27,,0.79,22.9,1313,9.013111977118472,1813.451327433628,96.24999751768895,soilgrids_imputed,True
1715.McG.NO3,1715,Nicaragua,13.26267,-86.236204,0.1,Dryland_Cropland,coffee plantation,6.3,37.0,3.293,29.37,39.77,26.97,33.27,,0.79,22.9,1059,8.357180544835789,1366.5691699604745,79.56049136273894,soilgrids_imputed,True
1715.McG.NO2,1715,Nicaragua,13.26267,-86.236204,0.1,Dryland_Cropland,coffee plantation,6.3,37.0,3.293,29.37,39.77,26.97,33.27,,0.79,22.9,1164,8.63644095497175,1499.253333333333,84.949673106508,soilgrids_imputed,True
1715.McG.NO1,1715,Nicaragua,13.26267,-86.236204,0.1,Dryland_Cropland,coffee plantation,6.3,37.0,3.293,29.37,39.77,26.97,33.27,,0.79,22.9,1039,8.280719156160412,1343.5801526717555,78.82454765119897,soilgrids_imputed,True
1715.McG.NN2,1715,Nicaragua,13.26267,-86.236204,0.1,Dryland_Cropland,coffee plantation,6.3,37.0,3.293,29.37,39.77,26.97,33.27,,0.79,22.9,1084,8.128143979769236,1373.6644295302012,81.68816641832498,soilgrids_imputed,True
1715.McG.NN1,1715,Nicaragua,13.26267,-86.236204,0.1,Dryland_Cropland,coffee plantation,6.3,37.0,3.293,29.37,39.77,26.97,33.27,,0.79,22.9,1149,8.143572421567786,1540.8576158940396,83.35556533316895,soilgrids_imputed,True
1715.McG.NM3,1715,Nicaragua,13.26267,-86.236204,0.1,Dryland_Cropland,coffee plantation,6.3,37.0,3.293,29.37,39.77,26.97,33.27,,0.79,22.9,1136,8.328739917620153,1627.4038461538462,87.08124326066496,soilgrids_imputed,True
1715.McG.NM2,1715,Nicaragua,13.26267,-86.236204,0.1,Dryland_Cropland,coffee plantation,6.3,37.0,3.293,29.37,39.77,26.97,33.27,,0.79,22.9,1243,8.647815355751137,1695.5030864197531,91.116495233071,soilgrids_imputed,True
1715.McG.NM1,1715,Nicaragua,13.26267,-86.236204,0.1,Dryland_Cropland,coffee plantation,6.3,37.0,3.293,29.37,39.77,26.97,33.27,,0.79,22.9,1134,7.9880953232876495,1551.8169491525423,85.38486765524497,soilgrids_imputed,True
1715.McG.NL3,1715,Nicaragua,13.26267,-86.236204,0.1,Dryland_Cropland,coffee plantation,6.3,37.0,3.293,29.37,39.77,26.97,33.27,,0.79,22.8,1147,8.241358153338336,1567.03367003367,84.08864857236105,soilgrids_imputed,True
1715.McG.NL2,1715,Nicaragua,13.26267,-86.236204,0.1,Dryland_Cropland,coffee plantation,6.3,37.0,3.293,29.37,39.77,26.97,33.27,,0.79,22.8,1167,8.396049407166597,1535.1061093247586,87.23433641239097,soilgrids_imputed,True
1715.McG.NL1,1715,Nicaragua,13.26267,-86.236204,0.1,Dryland_Cropland,coffee plantation,6.3,37.0,3.293,29.37,39.77,26.97,33.27,,0.79,22.8,1257,8.615128319810545,1752.5205047318614,92.29769821562552,soilgrids_imputed,True
1715.McG.NK3,1715,Nicaragua,13.26267,-86.236204,0.1,Dryland_Cropland,coffee plantation,6.3,37.0,3.293,29.37,39.77,26.97,33.27,,0.79,22.8,1334,8.845283110389785,1912.644859813084,100.79216124310992,soilgrids_imputed,True
1715.McG.NK2,1715,Nicaragua,13.26267,-86.236204,0.1,Dryland_Cropland,coffee plantation,6.3,37.0,3.293,29.37,39.77,26.97,33.27,,0.79,22.8,1206,8.479719668071082,1645.47,92.26862708999104,soilgrids_imputed,True
1715.McG.NJ3,1715,Nicaragua,13.26267,-86.236204,0.1,Dryland_Cropland,coffee plantation,6.3,37.0,3.293,29.37,39.77,26.97,33.27,,0.79,22.8,1184,8.52365506243757,1636.8551724137933,90.55991414500198,soilgrids_imputed,True
1715.McG.NJ2,1715,Nicaragua,13.26267,-86.236204,0.1,Dryland_Cropland,coffee plantation,6.3,37.0,3.293,29.37,39.77,26.97,33.27,,0.79,22.8,1241,8.675500632253668,1963.1814516129032,96.438448960714,soilgrids_imputed,True
1715.McG.NJ1,1715,Nicaragua,13.26267,-86.236204,0.1,Dryland_Cropland,coffee plantation,6.3,37.0,3.293,29.37,39.77,26.97,33.27,,0.79,22.8,1182,8.788227130937058,1551.1271477663229,89.43769824652696,soilgrids_imputed,True
1715.McG.NI3,1715,Nicaragua,13.26267,-86.236204,0.1,Dryland_Cropland,coffee plantation,6.3,37.0,3.293,29.37,39.77,26.97,33.27,,0.79,22.8,1128,8.283836945861937,1545.5934065934064,83.23369566682892,soilgrids_imputed,True
1715.McG.NI2,1715,Nicaragua,13.26267,-86.236204,0.1,Dryland_Cropland,coffee plantation,6.3,37.0,3.293,29.37,39.77,26.97,33.27,,0.79,22.8,1172,8.533410017980225,1598.1285714285714,89.47608593815805,soilgrids_imputed,True
1715.McG.NI1,1715,Nicaragua,13.26267,-86.236204,0.1,Dryland_Cropland,coffee plantation,6.3,37.0,3.293,29.37,39.77,26.97,33.27,,0.79,22.8,1247,8.695359865975064,1729.0792079207922,92.49990878571104,soilgrids_imputed,True
1715.McG.NH3,1715,Nicaragua,13.26267,-86.236204,0.1,Dryland_Cropland,coffee plantation,6.3,37.0,3.293,29.37,39.77,26.97,33.27,,0.85,22.79,1159,8.235202529441063,1770.2348178137652,86.995727469541,soilgrids_imputed,True
1715.McG.NH2,1715,Nicaragua,13.26267,-86.236204,0.1,Dryland_Cropland,coffee plantation,6.3,37.0,3.293,29.37,39.77,26.97,33.27,,0.85,22.79,1000,7.467463012896474,1371.0040983606557,76.45915752169897,soilgrids_imputed,True
1715.McG.NH1,1715,Nicaragua,13.26267,-86.236204,0.1,Dryland_Cropland,coffee plantation,6.3,37.0,3.293,29.37,39.77,26.97,33.27,,0.85,22.79,1172,8.469859034197958,1634.6,89.75040827329302,soilgrids_imputed,True
1715.McG.NG3,1715,Nicaragua,13.26267,-86.236204,0.1,Dryland_Cropland,coffee plantation,6.3,37.0,3.293,29.37,39.77,26.97,33.27,,0.85,22.79,1204,8.48867338542303,1613.1595092024538,90.23151898805092,soilgrids_imputed,True
1715.McG.NG2,1715,Nicaragua,13.26267,-86.236204,0.1,Dryland_Cropland,coffee plantation,6.3,37.0,3.293,29.37,39.77,26.97,33.27,,0.85,22.79,1270,8.669377213151716,1950.679715302491,97.41676670803096,soilgrids_imputed,True
1715.McG.NG1,1715,Nicaragua,13.26267,-86.236204,0.1,Dryland_Cropland,coffee plantation,6.3,37.0,3.293,29.37,39.77,26.97,33.27,,0.85,22.79,1160,8.316343420661395,1524.4459016393446,86.11370641082095,soilgrids_imputed,True
1715.McG.NF3,1715,Nicaragua,13.26267,-86.236204,0.1,Dryland_Cropland,coffee plantation,6.3,37.0,3.293,29.37,39.77,26.97,33.27,,0.85,22.79,1274,8.571241669115063,1830.605177993528,92.94076127944602,soilgrids_imputed,True
1715.McG.NF1,1715,Nicaragua,13.26267,-86.236204,0.1,Dryland_Cropland,coffee plantation,6.3,37.0,3.293,29.37,39.77,26.97,33.27,,0.85,22.79,1251,8.969541916628081,1598.875,94.182556036175,soilgrids_imputed,True
1715.McG.NE3,1715,Nicaragua,13.26267,-86.236204,0.1,Dryland_Cropland,coffee plantation,6.3,37.0,3.293,29.37,39.77,26.97,33.27,,0.79,22.84,1241,8.791042636720332,1669.9049180327868,90.28931716179096,soilgrids_imputed,True
1715.McG.NE2,1715,Nicaragua,13.26267,-86.236204,0.1,Dryland_Cropland,coffee plantation,6.3,37.0,3.293,29.37,39.77,26.97,33.27,,0.79,22.84,1120,8.462351475375376,1497.521739130435,81.34297027751097,soilgrids_imputed,True
1715.McG.NE1,1715,Nicaragua,13.26267,-86.236204,0.1,Dryland_Cropland,coffee plantation,6.3,37.0,3.293,29.37,39.77,26.97,33.27,,0.79,22.84,1319,9.079471446403115,1817.0865384615383,96.755263355815,soilgrids_imputed,True
1715.McG.ND3,1715,Nicaragua,13.26267,-86.236204,0.1,Dryland_Cropland,coffee plantation,6.3,37.0,3.293,29.37,39.77,26.97,33.27,,0.79,22.84,1144,8.77237659974333,1506.4763636363634,86.88090130017349,soilgrids_imputed,True
1715.McG.ND2,1715,Nicaragua,13.26267,-86.236204,0.1,Dryland_Cropland,coffee plantation,6.3,37.0,3.293,29.37,39.77,26.97,33.27,,0.79,22.84,1298,8.773925547673791,1984.8409893992928,96.86365603541104,soilgrids_imputed,True
1715.McG.ND1,1715,Nicaragua,13.26267,-86.236204,0.1,Dryland_Cropland,coffee plantation,6.3,37.0,3.293,29.37,39.77,26.97,33.27,,0.79,22.84,1228,8.809799176233485,1629.4423076923074,91.23333363587244,soilgrids_imputed,True
1715.McG.NC3,1715,Nicaragua,13.26267,-86.236204,0.1,Dryland_Cropland,coffee plantation,6.3,37.0,3.293,29.37,39.77,26.97,33.27,,0.79,22.9,1248,8.725262057701878,1714.0387323943662,92.36215820271894,soilgrids_imputed,True
1715.McG.NC2,1715,Nicaragua,13.26267,-86.236204,0.1,Dryland_Cropland,coffee plantation,6.3,37.0,3.293,29.37,39.77,26.97,33.27,,0.79,22.9,1201,8.768628864833317,1636.9684210526316,88.95509401270901,soilgrids_imputed,True
1715.McG.NC1,1715,Nicaragua,13.26267,-86.236204,0.1,Dryland_Cropland,coffee plantation,6.3,37.0,3.293,29.37,39.77,26.97,33.27,,0.79,22.9,1190,8.52726952513127,1621.896551724138,86.2846571750375,soilgrids_imputed,True
1715.McG.NB3,1715,Nicaragua,13.26267,-86.236204,0.1,Dryland_Cropland,coffee plantation,6.3,37.0,3.293,29.37,39.77,26.97,33.27,,0.77,23.18,1337,9.17109227444224,1743.1756373937676,95.89139408505896,soilgrids_imputed,True
1715.McG.NB2,1715,Nicaragua,13.26267,-86.236204,0.1,Dryland_Cropland,coffee plantation,6.3,37.0,3.293,29.37,39.77,26.97,33.27,,0.77,23.18,1284,9.06683869534109,1586.4489795918366,92.63743585310408,soilgrids_imputed,True
1715.McG.NB1,1715,Nicaragua,13.26267,-86.236204,0.1,Dryland_Cropland,coffee plantation,6.3,37.0,3.293,29.37,39.77,26.97,33.27,,0.77,23.18,1148,8.850389281816078,1429.4508474576269,81.63304019080103,soilgrids_imputed,True
1715.McG.NA3,1715,Nicaragua,13.26267,-86.236204,0.1,Dryland_Cropland,coffee plantation,6.3,37.0,3.293,29.37,39.77,26.97,33.27,,0.77,23.18,1362,9.355287367796386,1739.7679083094556,99.425881697357,soilgrids_imputed,True
1715.McG.NA2,1715,Nicaragua,13.26267,-86.236204,0.1,Dryland_Cropland,coffee plantation,6.3,37.0,3.293,29.37,39.77,26.97,33.27,,0.77,23.18,1366,9.163924848029026,1898.8184615384616,96.241927269319,soilgrids_imputed,True
1715.McG.NA1,1715,Nicaragua,13.26267,-86.236204,0.1,Dryland_Cropland,coffee plantation,6.3,37.0,3.293,29.37,39.77,26.97,33.27,,0.77,23.18,1375,9.157450399072085,1990.088888888889,99.96841960993096,soilgrids_imputed,True
1717.POH.high.with.maure,1717,Kenya,0.127,34.541,0.1,Dryland_Cropland,agricultural feature,5.6,28.93,1.83,17.2,46.6,26.33,27.07,1.187,0.73,22.84,972,8.217214533460526,1422.029411764706,74.08318845328803,soilgrids_imputed,True
1717.KBC9.experimental.plot,1717,Kenya,0.1015,34.511,0.1,Dryland_Cropland,agricultural feature,5.67,33.44,2.082,17.62,45.49,26.52,27.98,1.183,0.81,21.09,1002,8.230927836883993,1332.484,74.67191782975598,soilgrids_imputed,True
1717.KBC8.experimental.plot,1717,Kenya,0.1015,34.511,0.1,Dryland_Cropland,agricultural feature,5.67,33.44,2.082,17.62,45.49,26.52,27.98,1.183,0.81,21.09,1065,8.494716177013473,1483.9456066945606,80.48049392996597,soilgrids_imputed,True
1717.KBC7.experimental.plot,1717,Kenya,0.1015,34.511,0.1,Dryland_Cropland,agricultural feature,5.67,33.44,2.082,17.62,45.49,26.52,27.98,1.183,0.81,21.09,936,8.171905163620737,1251.3545454545454,68.27053481280501,soilgrids_imputed,True
1717.KBC6.experimental.plot,1717,Kenya,0.1015,34.511,0.1,Dryland_Cropland,agricultural feature,5.67,33.44,2.082,17.62,45.49,26.52,27.98,1.183,0.81,21.09,900,8.152051183317065,1187.0327102803735,65.54861995550401,soilgrids_imputed,True
1717.KBC4.experimental.plot,1717,Kenya,0.1015,34.511,0.1,Dryland_Cropland,agricultural feature,5.67,33.44,2.082,17.62,45.49,26.52,27.98,1.183,0.81,21.09,858,7.659144356862795,1083.8407079646015,65.67991217459299,soilgrids_imputed,True
1717.KBC3.experimental.plot,1717,Kenya,0.1015,34.511,0.1,Dryland_Cropland,agricultural feature,5.67,33.44,2.082,17.62,45.49,26.52,27.98,1.183,0.81,21.09,849,7.932284300007706,1081.5,65.61721721901996,soilgrids_imputed,True
1717.KBC24.experimental.plot,1717,Kenya,0.1015,34.511,0.1,Dryland_Cropland,agricultural feature,5.67,33.44,2.082,17.62,45.49,26.52,27.98,1.183,0.81,21.09,1034,8.197346442909403,1399.5596707818927,78.21347659622097,soilgrids_imputed,True
1717.KBC22.experimental.plot,1717,Kenya,0.1015,34.511,0.1,Dryland_Cropland,agricultural feature,5.67,33.44,2.082,17.62,45.49,26.52,27.98,1.183,0.81,21.09,944,7.9736673441654515,1275.1962616822427,68.29852800472797,soilgrids_imputed,True
1717.KBC21.experimental.plot,1717,Kenya,0.1015,34.511,0.1,Dryland_Cropland,agricultural feature,5.67,33.44,2.082,17.62,45.49,26.52,27.98,1.183,0.81,21.09,1045,8.469091166881244,1562.669811320755,76.971300689311,soilgrids_imputed,True
1717.KBC20.experimental.plot,1717,Kenya,0.1015,34.511,0.1,Dryland_Cropland,agricultural feature,5.67,33.44,2.082,17.62,45.49,26.52,27.98,1.183,0.81,21.09,976,8.155923626788677,1275.0548523206753,72.562305992931,soilgrids_imputed,True
1717.KBC2.experimental.plot,1717,Kenya,0.1015,34.511,0.1,Dryland_Cropland,agricultural feature,5.67,33.44,2.082,17.62,45.49,26.52,27.98,1.183,0.81,21.09,848,7.678193578257227,1137.4634146341466,64.105887136097,soilgrids_imputed,True
1717.KBC19.experimental.plot,1717,Kenya,0.1015,34.511,0.1,Dryland_Cropland,agricultural feature,5.67,33.44,2.082,17.62,45.49,26.52,27.98,1.183,0.81,21.09,1008,8.275097509878552,1363.9748953974895,75.68812074085798,soilgrids_imputed,True
1717.KBC18.experimental.plot,1717,Kenya,0.1015,34.511,0.1,Dryland_Cropland,agricultural feature,5.67,33.44,2.082,17.62,45.49,26.52,27.98,1.183,0.81,21.09,861,8.144992431795455,1049.2614678899083,63.33926174586399,soilgrids_imputed,True
1717.KBC16.experimental.plot,1717,Kenya,0.1015,34.511,0.1,Dryland_Cropland,agricultural feature,5.67,33.44,2.082,17.62,45.49,26.52,27.98,1.183,0.81,21.09,856,7.963860883103992,1076.1141552511417,65.12309625832202,soilgrids_imputed,True
1717.KBC15.experimental.plot,1717,Kenya,0.1015,34.511,0.1,Dryland_Cropland,agricultural feature,5.67,33.44,2.082,17.62,45.49,26.52,27.98,1.183,0.81,21.09,752,7.706034451665219,850.4666666666667,57.681318152651,soilgrids_imputed,True
1717.KBC14.experimental.plot,1717,Kenya,0.1015,34.511,0.1,Dryland_Cropland,agricultural feature,5.67,33.44,2.082,17.62,45.49,26.52,27.98,1.183,0.81,21.09,1037,8.474200032733354,1430.7272727272727,80.28896855561497,soilgrids_imputed,True
1717.KBC13.experimental.plot,1717,Kenya,0.1015,34.511,0.1,Dryland_Cropland,agricultural feature,5.67,33.44,2.082,17.62,45.49,26.52,27.98,1.183,0.81,21.09,968,8.348765164978538,1258.7402597402595,73.22531831965196,soilgrids_imputed,True
1717.KBC11.experimental.plot,1717,Kenya,0.1015,34.511,0.1,Dryland_Cropland,agricultural feature,5.67,33.44,2.082,17.62,45.49,26.52,27.98,1.183,0.81,21.09,940,8.15105753119682,1239.3605150214592,71.9618598592915,soilgrids_imputed,True
1717.KBC10.experimental.plot,1717,Kenya,0.1015,34.511,0.1,Dryland_Cropland,agricultural feature,5.67,33.44,2.082,17.62,45.49,26.52,27.98,1.183,0.81,21.09,1042,8.460074325573922,1370.8039215686274,77.324725275203,soilgrids_imputed,True
1717.KBC1.experimental.plot,1717,Kenya,0.1015,34.511,0.1,Dryland_Cropland,agricultural feature,5.67,33.44,2.082,17.62,45.49,26.52,27.98,1.183,0.81,21.09,745,7.633361141419897,876.3604060913707,55.23898374423496,soilgrids_imputed,True
1717.9IF.improved.leguminous,1717,Kenya,0.0984,34.49,0.1,Dryland_Cropland,agricultural feature,5.65,36.35,1.958,18.42,46.68,26.87,26.45,1.182,0.71,23.0,1039,8.581246272626801,1423.2358078602622,80.35135299973804,soilgrids_imputed,True
1717.9.improved.leguminous,1717,Kenya,0.0984,34.49,0.1,Dryland_Cropland,agricultural feature,5.65,36.35,1.958,18.42,46.68,26.87,26.45,1.182,0.41,26.67,837,8.209868037856408,974.475,59.92688539311798,soilgrids_imputed,True
1717.7H.high.fertilizer,1717,Kenya,0.0968,34.491,0.1,Dryland_Cropland,agricultural feature,5.66,36.3,2.052,17.76,46.13,27.66,26.22,1.187,0.71,23.0,911,8.047575278376124,1228.846889952153,68.3791932621755,soilgrids_imputed,True
1717.7.high.fertilizer,1717,Kenya,0.0968,34.491,0.1,Dryland_Cropland,agricultural feature,5.66,36.3,2.052,17.76,46.13,27.66,26.22,1.187,0.41,26.67,995,8.376649448659823,1363.3529411764707,72.70081990903996,soilgrids_imputed,True
1717.6IF.improved.leguminous,1717,Kenya,0.1146,34.521,0.1,Dryland_Cropland,agricultural feature,5.55,30.45,1.975,16.82,46.13,27.98,25.88,1.19,0.69,23.3,1080,7.20895362787279,1630.2,80.81687725022253,soilgrids_imputed,True
1717.6.improved.leguminous,1717,Kenya,0.1146,34.521,0.1,Dryland_Cropland,agricultural feature,5.55,30.45,1.975,16.82,46.13,27.98,25.88,1.19,0.43,26.1,1350,9.417787571593507,1706.4285714285716,89.26507890378201,soilgrids_imputed,True
1717.5L.low.fertilizer,1717,Kenya,0.1127,34.522,0.1,Dryland_Cropland,agricultural feature,5.58,30.46,1.913,16.87,46.42,27.81,25.81,1.193,0.69,23.3,1174,8.601080276445751,1664.0298507462687,83.48645994391997,soilgrids_imputed,True
1717.5.low.fertilizer,1717,Kenya,0.1127,34.522,0.1,Dryland_Cropland,agricultural feature,5.58,30.46,1.913,16.87,46.42,27.81,25.81,1.193,0.43,26.1,939,8.348680787436294,1158.571428571429,67.55513657269798,soilgrids_imputed,True
1717.4H.high.fertilizer,1717,Kenya,0.1204,34.518,0.1,Dryland_Cropland,agricultural feature,5.6,27.68,1.928,16.52,48.02,26.43,25.55,1.21,0.69,23.3,1150,8.545856323370314,1748.5,88.6064691145665,soilgrids_imputed,True
1717.41L.low.fertilizer,1717,Kenya,0.0989,34.49,0.1,Dryland_Cropland,agricultural feature,5.65,36.35,1.958,18.42,46.68,26.87,26.45,1.182,0.71,23.0,862,7.938597798467031,1179.0432432432433,69.63254271242299,soilgrids_imputed,True
1717.40L.low.fertilizer,1717,Kenya,0.0989,34.506,0.1,Dryland_Cropland,agricultural feature,5.73,34.2,1.987,17.78,47.37,26.67,25.98,1.175,0.73,22.84,923,8.048577876492878,1261.8755760368665,71.50192775405803,soilgrids_imputed,True
1717.4.high.fertilizer,1717,Kenya,0.1204,34.518,0.1,Dryland_Cropland,agricultural feature,5.6,27.68,1.928,16.52,48.02,26.43,25.55,1.21,0.43,26.1,986,8.314190366622713,1284.2418032786884,70.95344540487402,soilgrids_imputed,True
1717.3IF.improved.leguminous,1717,Kenya,0.1071,34.523,0.1,Dryland_Cropland,agricultural feature,5.6,35.73,1.98,17.3,45.47,28.37,26.17,1.18,0.69,23.3,745,7.442250282722202,1007.0807453416148,58.16047438565903,soilgrids_imputed,True
1717.39L.low.fertilizer,1717,Kenya,0.1328,34.538,0.1,Dryland_Cropland,agricultural feature,5.58,29.36,1.873,16.9,47.64,25.02,27.35,1.196,0.73,22.84,1042,8.32981987367861,1501.0129310344828,82.06916057812752,soilgrids_imputed,True
1717.38H.high.fertilizer,1717,Kenya,0.1325,34.538,0.1,Dryland_Cropland,agricultural feature,5.58,29.36,1.873,16.9,47.64,25.02,27.35,1.196,0.73,22.84,1010,8.015829348305317,1455.0657894736844,79.88717324439804,soilgrids_imputed,True
1717.37L.low.fertilizer,1717,Kenya,0.0921,34.481,0.1,Dryland_Cropland,agricultural feature,5.67,34.68,1.947,17.78,47.0,27.28,25.73,1.175,0.73,22.84,758,7.420642295088683,999.4438502673796,56.430917460367006,soilgrids_imputed,True
1717.36L.low.fertilizer,1717,Kenya,0.0936,34.477,0.1,Dryland_Cropland,agricultural feature,5.7,32.78,1.975,18.03,47.75,26.98,25.25,1.168,0.71,23.0,1041,8.696108055650393,1392.5787234042557,81.56086512796307,soilgrids_imputed,True
1717.35H.high.fertilizer,1717,Kenya,0.0931,34.479,0.1,Dryland_Cropland,agricultural feature,5.7,32.97,1.947,18.1,47.9,26.87,25.27,1.147,0.73,22.84,991,8.461731181470325,1423.0769230769229,77.75995761192398,soilgrids_imputed,True
1717.32H.high.fertilizer,1717,Kenya,0.0994,34.505,0.1,Dryland_Cropland,agricultural feature,5.7,33.9,1.977,18.0,46.67,26.8,26.5,1.19,0.73,22.84,863,7.1612193530101695,1274.813829787234,68.46132425369001,soilgrids_imputed,True
1717.32.high.fertilizer,1717,Kenya,0.0994,34.505,0.1,Dryland_Cropland,agricultural feature,5.7,33.9,1.977,18.0,46.67,26.8,26.5,1.19,0.42,25.36,1033,8.857663386027353,1194.88,77.3256319757066,soilgrids_imputed,True
1717.3.improved.leguminous,1717,Kenya,0.1071,34.523,0.1,Dryland_Cropland,agricultural feature,5.6,35.73,1.98,17.3,45.47,28.37,26.17,1.18,0.43,26.1,987,8.644938084307471,1193.4747899159663,75.28687199402395,soilgrids_imputed,True
1717.2L.low.fertilizer,1717,Kenya,0.1089,34.523,0.1,Dryland_Cropland,agricultural feature,5.6,31.8,1.907,17.2,44.73,29.33,25.93,1.197,0.69,23.3,981,8.258494458039554,1342.1948051948052,76.41438570976099,soilgrids_imputed,True
1717.21IF.improved.leguminous,1717,Kenya,0.1226,34.517,0.1,Dryland_Cropland,agricultural feature,5.53,30.93,2.003,16.4,47.83,26.3,25.8,1.21,0.73,22.84,998,8.208217169265628,1390.2602739726028,75.51657898952898,soilgrids_imputed,True
1717.21.improved.leguminous,1717,Kenya,0.1226,34.517,0.1,Dryland_Cropland,agricultural feature,5.53,30.93,2.003,16.4,47.83,26.3,25.8,1.21,0.42,25.36,1094,8.803492718706938,1478.5020746887967,76.15909624654948,soilgrids_imputed,True
1717.20L.low.fertilizer,1717,Kenya,0.1216,34.515,0.1,Dryland_Cropland,agricultural feature,5.6,35.37,2.02,17.15,49.58,24.92,25.45,1.19,0.73,22.84,1060,8.13891351024616,1467.406976744186,80.37045002741199,soilgrids_imputed,True
1717.2.low.fertilizer,1717,Kenya,0.1089,34.523,0.1,Dryland_Cropland,agricultural feature,5.6,31.8,1.907,17.2,44.73,29.33,25.93,1.197,0.43,26.1,915,8.57272520628959,1070.029411764706,69.8355269980375,soilgrids_imputed,True
1717.1H.high.fertilizer,1717,Kenya,0.1075,34.523,0.1,Dryland_Cropland,agricultural feature,5.6,33.77,1.943,17.25,45.1,28.85,26.05,1.188,0.69,23.3,840,7.19764512618448,1191.6282722513088,66.62636777350899,soilgrids_imputed,True
1717.19H.high.fertilizer,1717,Kenya,0.1225,34.517,0.1,Dryland_Cropland,agricultural feature,5.53,30.93,2.003,16.4,47.83,26.3,25.8,1.21,0.73,22.84,980,7.763279120098798,1407.1621621621618,79.77467178104803,soilgrids_imputed,True
1717.19.high.fertilizer,1717,Kenya,0.1225,34.517,0.1,Dryland_Cropland,agricultural feature,5.53,30.93,2.003,16.4,47.83,26.3,25.8,1.21,0.42,25.36,892,8.218086227271758,1167.65445026178,64.50898645337703,soilgrids_imputed,True
1717.12IF.improved.leguminous,1717,Kenya,0.0929,34.479,0.1,Dryland_Cropland,agricultural feature,5.7,32.97,1.947,18.1,47.9,26.87,25.27,1.147,0.71,23.0,791,7.729069269951761,1048.5,61.114953134,soilgrids_imputed,True
1717.12.improved.leguminous,1717,Kenya,0.0929,34.479,0.1,Dryland_Cropland,agricultural feature,5.7,32.97,1.947,18.1,47.9,26.87,25.27,1.147,0.41,26.67,870,8.58351235217771,1059.6967741935484,67.61604406939048,soilgrids_imputed,True
1717.10H.high.fertilizer,1717,Kenya,0.0926,34.48,0.1,Dryland_Cropland,agricultural feature,5.7,33.35,1.935,17.92,48.17,26.62,25.23,1.153,0.71,23.0,961,7.892570854023452,1366.3627906976749,75.23133068692297,soilgrids_imputed,True
1717.1.high.fertilizer,1717,Kenya,0.1075,34.523,0.1,Dryland_Cropland,agricultural feature,5.6,33.77,1.943,17.25,45.1,28.85,26.05,1.188,0.43,26.1,892,8.440902368447308,1062.9137055837564,69.44561394563799,soilgrids_imputed,True
1721.B11B,1721,Australia,-28.833,153.417,0.0,Dryland_Cropland,cultivated habitat,4.6,45.33,3.08,25.63,34.47,29.37,36.23,1.097,0.58,26.46,296,7.223766735736886,301.71428571428567,29.708960823596,measured,False
1721.B11M,1721,Australia,-28.833,153.417,0.0,Dryland_Cropland,cultivated habitat,4.6,45.33,3.08,25.63,34.47,29.37,36.23,1.097,0.58,26.46,34,3.184101002503016,35.0,9.14314617078,measured,False
1721.B11T,1721,Australia,-28.833,153.417,0.0,Dryland_Cropland,cultivated habitat,4.6,45.33,3.08,25.63,34.47,29.37,36.23,1.097,0.58,26.46,65,4.677695689388729,75.0,11.391701569660102,measured,False
1721.B12B,1721,Australia,-28.833,153.417,0.0,Dryland_Cropland,cultivated habitat,4.6,45.33,3.08,25.63,34.47,29.37,36.23,1.097,0.58,26.46,43,3.8055460618496135,53.0,9.966251966731,measured,False
1721.B12M,1721,Australia,-28.833,153.417,0.0,Dryland_Cropland,cultivated habitat,4.6,45.33,3.08,25.63,34.47,29.37,36.23,1.097,0.58,26.46,237,6.802864429342993,250.8,28.974888724094004,measured,False
1721.B12T,1721,Australia,-28.833,153.417,0.0,Dryland_Cropland,cultivated habitat,4.6,45.33,3.08,25.63,34.47,29.37,36.23,1.097,0.58,26.46,90,5.1545825308491855,91.2,14.30026328889,measured,False
1721.B15B,1721,Australia,-28.833,153.417,0.0,Dryland_Cropland,cultivated habitat,4.8,45.33,3.08,25.63,34.47,29.37,36.23,1.097,0.58,26.46,672,7.115394190970523,1080.0373831775698,56.241288807066,measured,False
1721.B15M,1721,Australia,-28.833,153.417,0.0,Dryland_Cropland,cultivated habitat,4.8,45.33,3.08,25.63,34.47,29.37,36.23,1.097,0.58,26.46,46,4.056475533588509,47.0,9.94117650118,measured,False
1721.B15T,1721,Australia,-28.833,153.417,0.0,Dryland_Cropland,cultivated habitat,4.8,45.33,3.08,25.63,34.47,29.37,36.23,1.097,0.58,26.46,264,7.063529174856355,275.4,30.951966547941,measured,False
1721.B16B,1721,Australia,-28.833,153.417,0.0,Dryland_Cropland,cultivated habitat,4.8,45.33,3.08,25.63,34.47,29.37,36.23,1.097,0.58,26.46,131,5.4300833337036885,133.1,20.09498415583111,measured,False
1721.B16M,1721,Australia,-28.833,153.417,0.0,Dryland_Cropland,cultivated habitat,4.8,45.33,3.08,25.63,34.47,29.37,36.23,1.097,0.58,26.46,79,5.082807696363718,79.0,13.303510275789996,measured,False
1721.B16T,1721,Australia,-28.833,153.417,0.0,Dryland_Cropland,cultivated habitat,4.8,45.33,3.08,25.63,34.47,29.37,36.23,1.097,0.58,26.46,562,7.736008113549282,636.0769230769231,49.306701146671,measured,False
1721.B17B,1721,Australia,-28.833,153.417,0.0,Dryland_Cropland,cultivated habitat,4.9,45.33,3.08,25.63,34.47,29.37,36.23,1.097,0.58,26.46,349,7.251260650118007,369.5,32.763226000462986,measured,False
1721.B17M,1721,Australia,-28.833,153.417,0.0,Dryland_Cropland,cultivated habitat,4.9,45.33,3.08,25.63,34.47,29.37,36.23,1.097,0.58,26.46,225,6.953041866299214,232.0,26.448531038651,measured,False
1721.B17T,1721,Australia,-28.833,153.417,0.0,Dryland_Cropland,cultivated habitat,4.9,45.33,3.08,25.63,34.47,29.37,36.23,1.097,0.58,26.46,362,6.857195334513468,377.25641025641033,34.30756178433999,measured,False
1721.B18B,1721,Australia,-28.833,153.417,0.0,Dryland_Cropland,cultivated habitat,4.8,45.33,3.08,25.63,34.47,29.37,36.23,1.097,0.58,26.46,186,6.3233213784167015,193.8571428571429,23.87114709859859,measured,False
1721.B18M,1721,Australia,-28.833,153.417,0.0,Dryland_Cropland,cultivated habitat,4.8,45.33,3.08,25.63,34.47,29.37,36.23,1.097,0.58,26.46,198,3.884959827515656,220.5,22.54923859131999,measured,False
1721.B18T,1721,Australia,-28.833,153.417,0.0,Dryland_Cropland,cultivated habitat,4.8,45.33,3.08,25.63,34.47,29.37,36.23,1.097,0.58,26.46,604,7.773718997210902,757.5816326530611,56.633671084284096,measured,False
1721.B19B,1721,Australia,-28.833,153.417,0.0,Dryland_Cropland,cultivated habitat,5.0,45.33,3.08,25.63,34.47,29.37,36.23,1.097,0.58,26.46,65,4.212942291791429,66.5,12.402290893841002,measured,False
1721.B19M,1721,Australia,-28.833,153.417,0.0,Dryland_Cropland,cultivated habitat,5.0,45.33,3.08,25.63,34.47,29.37,36.23,1.097,0.58,26.46,348,7.505587754442697,371.78571428571433,33.417523360892005,measured,False
1721.B19T,1721,Australia,-28.833,153.417,0.0,Dryland_Cropland,cultivated habitat,5.0,45.33,3.08,25.63,34.47,29.37,36.23,1.097,0.58,26.46,503,7.961878125495013,545.9,41.38342775554551,measured,False
1721.B20B,1721,Australia,-28.833,153.417,0.0,Dryland_Cropland,cultivated habitat,4.6,45.33,3.08,25.63,34.47,29.37,36.23,1.097,0.58,26.46,163,5.489577604745056,176.33333333333337,19.90970854403009,measured,False
1721.B20M,1721,Australia,-28.833,153.417,0.0,Dryland_Cropland,cultivated habitat,4.6,45.33,3.08,25.63,34.47,29.37,36.23,1.097,0.58,26.46,755,8.614880610325121,837.9411764705882,59.621228052386975,measured,False
1721.B20T,1721,Australia,-28.833,153.417,0.0,Dryland_Cropland,cultivated habitat,4.6,45.33,3.08,25.63,34.47,29.37,36.23,1.097,0.58,26.46,273,7.037467815133412,277.55,27.839934642218005,measured,False
1721.B21B,1721,Australia,-28.833,153.417,0.0,Dryland_Cropland,cultivated habitat,4.5,45.33,3.08,25.63,34.47,29.37,36.23,1.097,0.58,26.46,119,5.669775861815258,120.0,16.739506111126996,measured,False
1721.B23B,1721,Australia,-28.833,153.417,0.0,Dryland_Cropland,cultivated habitat,5.0,45.33,3.08,25.63,34.47,29.37,36.23,1.097,0.58,26.46,201,6.620689758857031,211.4615384615384,24.046153978999985,measured,False
1721.B23M,1721,Australia,-28.833,153.417,0.0,Dryland_Cropland,cultivated habitat,5.0,45.33,3.08,25.63,34.47,29.37,36.23,1.097,0.58,26.46,223,3.855751440040257,235.75,23.79571793067,measured,False
1721.B23T,1721,Australia,-28.833,153.417,0.0,Dryland_Cropland,cultivated habitat,5.0,45.33,3.08,25.63,34.47,29.37,36.23,1.097,0.58,26.46,472,7.821182373808996,495.95161290322574,46.23146142183408,measured,False
1721.B24B,1721,Australia,-28.833,153.417,0.0,Dryland_Cropland,cultivated habitat,4.9,45.33,3.08,25.63,34.47,29.37,36.23,1.097,0.58,26.46,23,2.0876422249185067,26.0,6.057119455579999,measured,False
1721.B24M,1721,Australia,-28.833,153.417,0.0,Dryland_Cropland,cultivated habitat,4.9,45.33,3.08,25.63,34.47,29.37,36.23,1.097,0.58,26.46,577,6.6972120427402695,753.974358974359,49.100027412514486,measured,False
1721.B24T,1721,Australia,-28.833,153.417,0.0,Dryland_Cropland,cultivated habitat,4.9,45.33,3.08,25.63,34.47,29.37,36.23,1.097,0.58,26.46,77,4.728620350710052,77.0,14.177259136639998,measured,False
1721.B25M,1721,Australia,-28.833,153.417,0.0,Dryland_Cropland,cultivated habitat,4.8,45.33,3.08,25.63,34.47,29.37,36.23,1.097,0.58,26.46,581,7.3884532090682224,939.75,53.92932553090901,measured,False
1721.B25T,1721,Australia,-28.833,153.417,0.0,Dryland_Cropland,cultivated habitat,4.8,45.33,3.08,25.63,34.47,29.37,36.23,1.097,0.58,26.46,36,2.6319308387691245,36.5,8.289696246989998,measured,False
1721.B26B,1721,Australia,-28.833,153.417,0.0,Dryland_Cropland,cultivated habitat,4.9,45.33,3.08,25.63,34.47,29.37,36.23,1.097,0.58,26.46,22,1.815466183385552,25.0,6.482563407481001,measured,False
1721.B26M,1721,Australia,-28.833,153.417,0.0,Dryland_Cropland,cultivated habitat,4.9,45.33,3.08,25.63,34.47,29.37,36.23,1.097,0.58,26.46,265,6.808959978510259,271.33333333333326,30.171692119088007,measured,False
1721.B26T,1721,Australia,-28.833,153.417,0.0,Dryland_Cropland,cultivated habitat,4.9,45.33,3.08,25.63,34.47,29.37,36.23,1.097,0.58,26.46,289,7.253404736774143,302.125,29.95530397566349,measured,False
1721.B27B,1721,Australia,-28.833,153.417,0.0,Dryland_Cropland,cultivated habitat,4.7,45.33,3.08,25.63,34.47,29.37,36.23,1.097,0.58,26.46,47,3.1370537106183587,48.0,10.2148476051901,measured,False
1721.B27M,1721,Australia,-28.833,153.417,0.0,Dryland_Cropland,cultivated habitat,4.7,45.33,3.08,25.63,34.47,29.37,36.23,1.097,0.58,26.46,27,3.0200531154294903,27.0,7.26209277349,measured,False
1721.B27T,1721,Australia,-28.833,153.417,0.0,Dryland_Cropland,cultivated habitat,4.7,45.33,3.08,25.63,34.47,29.37,36.23,1.097,0.58,26.46,10,1.4299864898383914,10.0,3.98038108995,measured,False
1721.B29B,1721,Australia,-28.833,153.417,0.0,Dryland_Cropland,cultivated habitat,5.1,45.33,3.08,25.63,34.47,29.37,36.23,1.097,0.58,26.46,183,6.496658576094912,196.0,22.15395063094,measured,False
1721.B29M,1721,Australia,-28.833,153.417,0.0,Dryland_Cropland,cultivated habitat,5.1,45.33,3.08,25.63,34.47,29.37,36.23,1.097,0.58,26.46,7,1.0853904472523204,7.0,3.0826139257200005,measured,False
1721.B29T,1721,Australia,-28.833,153.417,0.0,Dryland_Cropland,cultivated habitat,5.1,45.33,3.08,25.63,34.47,29.37,36.23,1.097,0.58,26.46,25,2.2601793070941567,25.0,6.66569099046,measured,False
1721.B2B,1721,Australia,-28.833,153.417,0.0,Dryland_Cropland,cultivated habitat,4.7,45.33,3.08,25.63,34.47,29.37,36.23,1.097,0.58,26.46,41,4.38327277754768,41.0,9.36957065177,measured,False
1721.B2M,1721,Australia,-28.833,153.417,0.0,Dryland_Cropland,cultivated habitat,4.7,45.33,3.08,25.63,34.47,29.37,36.23,1.097,0.58,26.46,433,7.545125907282093,457.56818181818176,40.066562236682,measured,False
1721.B30B,1721,Australia,-28.833,153.417,0.0,Dryland_Cropland,cultivated habitat,5.03,45.33,3.08,25.63,34.47,29.37,36.23,1.097,0.58,26.46,1082,8.067346199309117,1698.0794392523364,79.39400108313697,soilgrids_imputed,True
1721.B30M,1721,Australia,-28.833,153.417,0.0,Dryland_Cropland,cultivated habitat,5.03,45.33,3.08,25.63,34.47,29.37,36.23,1.097,0.58,26.46,44,3.7327534186988376,44.0,8.563619382550101,soilgrids_imputed,True
1721.B30T,1721,Australia,-28.833,153.417,0.0,Dryland_Cropland,cultivated habitat,5.03,45.33,3.08,25.63,34.47,29.37,36.23,1.097,0.58,26.46,417,7.746157311933899,450.1764705882353,39.02562214060704,soilgrids_imputed,True
1721.B3B,1721,Australia,-28.833,153.417,0.0,Dryland_Cropland,cultivated habitat,4.5,45.33,3.08,25.63,34.47,29.37,36.23,1.097,0.58,26.46,8,1.105855369410164,8.0,3.2838702894500003,measured,False
1721.B3M,1721,Australia,-28.833,153.417,0.0,Dryland_Cropland,cultivated habitat,4.5,45.33,3.08,25.63,34.47,29.37,36.23,1.097,0.58,26.46,74,5.172570321280908,74.5,13.12781299857,measured,False
1721.B3T,1721,Australia,-28.833,153.417,0.0,Dryland_Cropland,cultivated habitat,4.5,45.33,3.08,25.63,34.47,29.37,36.23,1.097,0.58,26.46,96,5.025328000044096,99.33333333333331,15.817963642109994,measured,False
1721.B4B,1721,Australia,-28.833,153.417,0.0,Dryland_Cropland,cultivated habitat,4.8,45.33,3.08,25.63,34.47,29.37,36.23,1.097,0.58,26.46,102,5.4588782800163695,102.25,14.1599344712,measured,False
1721.B4M,1721,Australia,-28.833,153.417,0.0,Dryland_Cropland,cultivated habitat,4.8,45.33,3.08,25.63,34.47,29.37,36.23,1.097,0.58,26.46,44,3.866162398644837,44.33333333333334,8.64711009962,measured,False
1721.B4T,1721,Australia,-28.833,153.417,0.0,Dryland_Cropland,cultivated habitat,4.8,45.33,3.08,25.63,34.47,29.37,36.23,1.097,0.58,26.46,237,7.0209551188334895,238.86666666666667,26.499015233131,measured,False
1721.B5B,1721,Australia,-28.833,153.417,0.0,Dryland_Cropland,cultivated habitat,4.9,45.33,3.08,25.63,34.47,29.37,36.23,1.097,0.58,26.46,782,8.023538671237807,962.377358490566,63.204259276566006,measured,False
1721.B5M,1721,Australia,-28.833,153.417,0.0,Dryland_Cropland,cultivated habitat,4.9,45.33,3.08,25.63,34.47,29.37,36.23,1.097,0.58,26.46,158,6.228371082868148,163.625,18.82994776658,measured,False
1721.B5T,1721,Australia,-28.833,153.417,0.0,Dryland_Cropland,cultivated habitat,4.9,45.33,3.08,25.63,34.47,29.37,36.23,1.097,0.58,26.46,135,5.950322733337928,148.2,18.661044386287006,measured,False
1721.B6M,1721,Australia,-28.833,153.417,0.0,Dryland_Cropland,cultivated habitat,4.7,45.33,3.08,25.63,34.47,29.37,36.23,1.097,0.58,26.46,33,2.745575493823384,34.0,6.783314359449997,measured,False
1721.B6T,1721,Australia,-28.833,153.417,0.0,Dryland_Cropland,cultivated habitat,4.7,45.33,3.08,25.63,34.47,29.37,36.23,1.097,0.58,26.46,138,5.869501119962624,139.25,19.292103110243,measured,False
1721.B7B,1721,Australia,-28.833,153.417,0.0,Dryland_Cropland,cultivated habitat,4.9,45.33,3.08,25.63,34.47,29.37,36.23,1.097,0.58,26.46,317,7.2929904756439905,342.1428571428572,38.05958989840251,measured,False
1721.B7M,1721,Australia,-28.833,153.417,0.0,Dryland_Cropland,cultivated habitat,4.9,45.33,3.08,25.63,34.47,29.37,36.23,1.097,0.58,26.46,870,7.942501770263998,1247.0061728395062,71.83394697545363,measured,False
1721.B7T,1721,Australia,-28.833,153.417,0.0,Dryland_Cropland,cultivated habitat,4.9,45.33,3.08,25.63,34.47,29.37,36.23,1.097,0.58,26.46,57,3.4447800822894425,59.0,10.50979162793,measured,False
1721.B8B,1721,Australia,-28.833,153.417,0.0,Dryland_Cropland,cultivated habitat,5.0,45.33,3.08,25.63,34.47,29.37,36.23,1.097,0.58,26.46,800,8.561839415727576,893.8888888888888,66.09529227107399,measured,False
1721.B8M,1721,Australia,-28.833,153.417,0.0,Dryland_Cropland,cultivated habitat,5.0,45.33,3.08,25.63,34.47,29.37,36.23,1.097,0.58,26.46,324,7.500482182159375,346.54545454545456,36.994687034641,measured,False
1721.B8T,1721,Australia,-28.833,153.417,0.0,Dryland_Cropland,cultivated habitat,5.0,45.33,3.08,25.63,34.47,29.37,36.23,1.097,0.58,26.46,259,6.788294814876152,280.42857142857144,24.489499651087,measured,False
1721.B9B,1721,Australia,-28.833,153.417,0.0,Dryland_Cropland,cultivated habitat,4.6,45.33,3.08,25.63,34.47,29.37,36.23,1.097,0.58,26.46,267,7.206923808325068,272.2,29.518337935158595,measured,False
1721.B9M,1721,Australia,-28.833,153.417,0.0,Dryland_Cropland,cultivated habitat,4.6,45.33,3.08,25.63,34.47,29.37,36.23,1.097,0.58,26.46,587,8.087654862284547,639.012987012987,54.522986233984,measured,False
1721.B9T,1721,Australia,-28.833,153.417,0.0,Dryland_Cropland,cultivated habitat,4.6,45.33,3.08,25.63,34.47,29.37,36.23,1.097,0.58,26.46,162,6.150839890970831,168.0,20.60895311158901,measured,False
1721.R10B,1721,Australia,-28.833,153.417,0.0,Dryland_Cropland,cultivated habitat,4.7,45.33,3.08,25.63,34.47,29.37,36.23,1.097,0.58,26.46,793,7.617734956563677,1493.878260869565,67.72048998666251,measured,False
1721.R10M,1721,Australia,-28.833,153.417,0.0,Dryland_Cropland,cultivated habitat,4.7,45.33,3.08,25.63,34.47,29.37,36.23,1.097,0.58,26.46,799,7.686337976295666,1196.7844311377244,69.02708638565403,measured,False
1721.R11B,1721,Australia,-28.833,153.417,0.0,Dryland_Cropland,cultivated habitat,4.6,45.33,3.08,25.63,34.47,29.37,36.23,1.097,0.58,26.46,837,7.9268636977352305,1476.140625,67.73047577743702,measured,False
1721.R11M,1721,Australia,-28.833,153.417,0.0,Dryland_Cropland,cultivated habitat,4.6,45.33,3.08,25.63,34.47,29.37,36.23,1.097,0.58,26.46,938,8.247543330667082,1438.8793103448277,77.63299266566804,measured,False
1721.R12M,1721,Australia,-28.833,153.417,0.0,Dryland_Cropland,cultivated habitat,4.6,45.33,3.08,25.63,34.47,29.37,36.23,1.097,0.58,26.46,889,8.064314069240373,1493.6979865771814,72.71914572466302,measured,False
1721.R12T,1721,Australia,-28.833,153.417,0.0,Dryland_Cropland,cultivated habitat,4.6,45.33,3.08,25.63,34.47,29.37,36.23,1.097,0.58,26.46,923,8.135084485013849,1525.9493670886077,74.95953585149347,measured,False
1721.R13B,1721,Australia,-28.833,153.417,0.0,Dryland_Cropland,cultivated habitat,4.4,45.33,3.08,25.63,34.47,29.37,36.23,1.097,0.58,26.46,894,8.164418725144737,1424.6645569620257,74.41717461153746,measured,False
1721.R13T,1721,Australia,-28.833,153.417,0.0,Dryland_Cropland,cultivated habitat,4.4,45.33,3.08,25.63,34.47,29.37,36.23,1.097,0.58,26.46,485,5.820401909569938,812.0,44.90073855095101,measured,False
1721.R14M,1721,Australia,-28.833,153.417,0.0,Dryland_Cropland,cultivated habitat,4.8,45.33,3.08,25.63,34.47,29.37,36.23,1.097,0.58,26.46,686,7.700376692224334,973.595419847328,61.37241528555901,measured,False
1721.R14T,1721,Australia,-28.833,153.417,0.0,Dryland_Cropland,cultivated habitat,4.8,45.33,3.08,25.63,34.47,29.37,36.23,1.097,0.58,26.46,586,5.264901303958216,1158.0689655172416,52.087558473830974,measured,False
1721.R15B,1721,Australia,-28.833,153.417,0.0,Dryland_Cropland,cultivated habitat,4.8,45.33,3.08,25.63,34.47,29.37,36.23,1.097,0.58,26.46,1071,8.570936306765745,1582.075892857143,81.49878390010957,measured,False
1721.R15M,1721,Australia,-28.833,153.417,0.0,Dryland_Cropland,cultivated habitat,4.8,45.33,3.08,25.63,34.47,29.37,36.23,1.097,0.58,26.46,946,8.243738178963424,1579.6503067484664,73.14221469797893,measured,False
1721.R15T,1721,Australia,-28.833,153.417,0.0,Dryland_Cropland,cultivated habitat,4.8,45.33,3.08,25.63,34.47,29.37,36.23,1.097,0.58,26.46,957,8.25288670897643,1796.297872340425,78.13391114929102,measured,False
1721.R16B,1721,Australia,-28.833,153.417,0.0,Dryland_Cropland,cultivated habitat,4.8,45.33,3.08,25.63,34.47,29.37,36.23,1.097,0.58,26.46,898,8.053227231353965,1452.366459627329,74.20097579790497,measured,False
1721.R16M,1721,Australia,-28.833,153.417,0.0,Dryland_Cropland,cultivated habitat,4.8,45.33,3.08,25.63,34.47,29.37,36.23,1.097,0.58,26.46,721,7.754155148629915,1119.75,62.54657326242799,measured,False
1721.R17B,1721,Australia,-28.833,153.417,0.0,Dryland_Cropland,cultivated habitat,4.9,45.33,3.08,25.63,34.47,29.37,36.23,1.097,0.58,26.46,939,8.052380870398244,1599.2037037037037,74.984719914722,measured,False
1721.R17M,1721,Australia,-28.833,153.417,0.0,Dryland_Cropland,cultivated habitat,4.9,45.33,3.08,25.63,34.47,29.37,36.23,1.097,0.58,26.46,885,8.08372712390473,1450.1644736842104,74.69193971124207,measured,False
1721.R17T,1721,Australia,-28.833,153.417,0.0,Dryland_Cropland,cultivated habitat,4.9,45.33,3.08,25.63,34.47,29.37,36.23,1.097,0.58,26.46,989,8.263607839942155,1551.090909090909,80.54524291027901,measured,False
1721.R18B,1721,Australia,-28.833,153.417,0.0,Dryland_Cropland,cultivated habitat,4.8,45.33,3.08,25.63,34.47,29.37,36.23,1.097,0.58,26.46,848,7.839276298284314,1413.469798657718,70.02349266728099,measured,False
1721.R18M,1721,Australia,-28.833,153.417,0.0,Dryland_Cropland,cultivated habitat,4.8,45.33,3.08,25.63,34.47,29.37,36.23,1.097,0.58,26.46,980,8.344264453349382,1810.6712328767128,77.74836204825603,measured,False
1721.R1B,1721,Australia,-28.833,153.417,0.0,Dryland_Cropland,cultivated habitat,4.6,45.33,3.08,25.63,34.47,29.37,36.23,1.097,0.58,26.46,831,7.976716111885805,1349.3823529411764,73.6233669468595,measured,False
1721.R1M,1721,Australia,-28.833,153.417,0.0,Dryland_Cropland,cultivated habitat,4.6,45.33,3.08,25.63,34.47,29.37,36.23,1.097,0.58,26.46,958,8.284060030408067,1557.6707317073167,82.08118033708094,measured,False
1721.R1T,1721,Australia,-28.833,153.417,0.0,Dryland_Cropland,cultivated habitat,4.6,45.33,3.08,25.63,34.47,29.37,36.23,1.097,0.58,26.46,855,7.88782964646462,1383.476821192053,78.263360024737,measured,False
1721.R20B,1721,Australia,-28.833,153.417,0.0,Dryland_Cropland,cultivated habitat,4.6,45.33,3.08,25.63,34.47,29.37,36.23,1.097,0.58,26.46,1092,8.738962002899612,1696.497487437186,86.168057554512,measured,False
1721.R20M,1721,Australia,-28.833,153.417,0.0,Dryland_Cropland,cultivated habitat,4.6,45.33,3.08,25.63,34.47,29.37,36.23,1.097,0.58,26.46,980,8.579914077037273,1259.5277777777776,79.47316761717101,measured,False
1721.R21B,1721,Australia,-28.833,153.417,0.0,Dryland_Cropland,cultivated habitat,4.5,45.33,3.08,25.63,34.47,29.37,36.23,1.097,0.58,26.46,753,8.205881380115775,799.5566037735849,55.94062157178001,measured,False
1721.R21M,1721,Australia,-28.833,153.417,0.0,Dryland_Cropland,cultivated habitat,4.5,45.33,3.08,25.63,34.47,29.37,36.23,1.097,0.58,26.46,967,8.212395805521442,1529.6609195402298,76.74538518868651,measured,False
1721.R22B,1721,Australia,-28.833,153.417,0.0,Dryland_Cropland,cultivated habitat,5.1,45.33,3.08,25.63,34.47,29.37,36.23,1.097,0.58,26.46,722,7.668141234449312,1224.6810344827584,61.70829345827101,measured,False
1721.R22M,1721,Australia,-28.833,153.417,0.0,Dryland_Cropland,cultivated habitat,5.1,45.33,3.08,25.63,34.47,29.37,36.23,1.097,0.58,26.46,842,7.948056194287456,1387.2183098591547,67.99404608410657,measured,False
1721.R23B,1721,Australia,-28.833,153.417,0.0,Dryland_Cropland,cultivated habitat,5.0,45.33,3.08,25.63,34.47,29.37,36.23,1.097,0.58,26.46,947,8.158764963865929,1674.1476510067114,79.16350469200202,measured,False
1721.R23T,1721,Australia,-28.833,153.417,0.0,Dryland_Cropland,cultivated habitat,5.0,45.33,3.08,25.63,34.47,29.37,36.23,1.097,0.58,26.46,912,8.130009115844517,1573.5666666666666,75.77319189316447,measured,False
1721.R24B,1721,Australia,-28.833,153.417,0.0,Dryland_Cropland,cultivated habitat,4.9,45.33,3.08,25.63,34.47,29.37,36.23,1.097,0.58,26.46,1068,8.4748384964572,1711.2139303482584,83.63783816701213,measured,False
1721.R24T,1721,Australia,-28.833,153.417,0.0,Dryland_Cropland,cultivated habitat,4.9,45.33,3.08,25.63,34.47,29.37,36.23,1.097,0.58,26.46,804,7.7510452509454035,1384.5793650793648,67.54397764313804,measured,False
1721.R25B,1721,Australia,-28.833,153.417,0.0,Dryland_Cropland,cultivated habitat,4.8,45.33,3.08,25.63,34.47,29.37,36.23,1.097,0.58,26.46,972,8.050390839384768,1650.4393063583814,80.47953278139951,measured,False
1721.R25M,1721,Australia,-28.833,153.417,0.0,Dryland_Cropland,cultivated habitat,4.8,45.33,3.08,25.63,34.47,29.37,36.23,1.097,0.58,26.46,1075,8.508343266996732,1781.0645161290322,84.71638387754457,measured,False
1721.R26M,1721,Australia,-28.833,153.417,0.0,Dryland_Cropland,cultivated habitat,4.9,45.33,3.08,25.63,34.47,29.37,36.23,1.097,0.58,26.46,963,8.223299187480391,1567.9306358381502,83.90341866381449,measured,False
1721.R27B,1721,Australia,-28.833,153.417,0.0,Dryland_Cropland,cultivated habitat,4.7,45.33,3.08,25.63,34.47,29.37,36.23,1.097,0.58,26.46,984,8.315480508010337,1543.1010638297869,80.80834859123257,measured,False
1721.R27M,1721,Australia,-28.833,153.417,0.0,Dryland_Cropland,cultivated habitat,4.7,45.33,3.08,25.63,34.47,29.37,36.23,1.097,0.58,26.46,662,8.400821252625981,721.7692307692307,57.89395445386101,measured,False
1721.R28M,1721,Australia,-28.833,153.417,0.0,Dryland_Cropland,cultivated habitat,4.8,45.33,3.08,25.63,34.47,29.37,36.23,1.097,0.58,26.46,822,7.863243044676848,1389.4135338345866,71.15944199429798,measured,False
1721.R28T,1721,Australia,-28.833,153.417,0.0,Dryland_Cropland,cultivated habitat,4.8,45.33,3.08,25.63,34.47,29.37,36.23,1.097,0.58,26.46,860,8.040115275148413,1419.3868613138684,69.22859052389603,measured,False
1721.R29M,1721,Australia,-28.833,153.417,0.0,Dryland_Cropland,cultivated habitat,5.1,45.33,3.08,25.63,34.47,29.37,36.23,1.097,0.58,26.46,1017,8.370250074827878,1774.5176470588235,82.08418007267343,measured,False
1721.R2B,1721,Australia,-28.833,153.417,0.0,Dryland_Cropland,cultivated habitat,4.7,45.33,3.08,25.63,34.47,29.37,36.23,1.097,0.58,26.46,1044,8.469926803042206,1994.3486842105265,88.11036347671958,measured,False
1721.R2M,1721,Australia,-28.833,153.417,0.0,Dryland_Cropland,cultivated habitat,4.7,45.33,3.08,25.63,34.47,29.37,36.23,1.097,0.58,26.46,1061,8.479655349475241,1759.169398907104,85.46060580226302,measured,False
1721.R30B,1721,Australia,-28.833,153.417,0.0,Dryland_Cropland,cultivated habitat,5.03,45.33,3.08,25.63,34.47,29.37,36.23,1.097,0.58,26.46,872,7.984874517503691,1398.248407643312,72.12187798041401,soilgrids_imputed,True
1721.R30M,1721,Australia,-28.833,153.417,0.0,Dryland_Cropland,cultivated habitat,5.03,45.33,3.08,25.63,34.47,29.37,36.23,1.097,0.58,26.46,962,8.053797280027686,1736.3333333333337,80.96825896074155,soilgrids_imputed,True
1721.R3B,1721,Australia,-28.833,153.417,0.0,Dryland_Cropland,cultivated habitat,4.5,45.33,3.08,25.63,34.47,29.37,36.23,1.097,0.58,26.46,706,7.610826124734434,1165.0,61.11632170663,measured,False
1721.R3T,1721,Australia,-28.833,153.417,0.0,Dryland_Cropland,cultivated habitat,4.5,45.33,3.08,25.63,34.47,29.37,36.23,1.097,0.58,26.46,884,8.193461255583236,1325.4024390243906,76.05181573584302,measured,False
1721.R4B,1721,Australia,-28.833,153.417,0.0,Dryland_Cropland,cultivated habitat,4.8,45.33,3.08,25.63,34.47,29.37,36.23,1.097,0.58,26.46,874,8.145103479343426,1404.2697368421054,75.73607245853358,measured,False
1721.R4M,1721,Australia,-28.833,153.417,0.0,Dryland_Cropland,cultivated habitat,4.8,45.33,3.08,25.63,34.47,29.37,36.23,1.097,0.58,26.46,720,7.721740790553997,1161.4583333333333,64.37217003737601,measured,False
1721.R4T,1721,Australia,-28.833,153.417,0.0,Dryland_Cropland,cultivated habitat,4.8,45.33,3.08,25.63,34.47,29.37,36.23,1.097,0.58,26.46,654,7.780702410607949,795.0245901639342,55.894451103734,measured,False
1721.R5M,1721,Australia,-28.833,153.417,0.0,Dryland_Cropland,cultivated habitat,4.9,45.33,3.08,25.63,34.47,29.37,36.23,1.097,0.58,26.46,824,7.479095475347826,1405.4714285714283,68.3927305221025,measured,False
1721.R6B,1721,Australia,-28.833,153.417,0.0,Dryland_Cropland,cultivated habitat,4.7,45.33,3.08,25.63,34.47,29.37,36.23,1.097,0.58,26.46,973,8.301327716000417,1633.2037037037037,79.67231331746851,measured,False
1721.R6M,1721,Australia,-28.833,153.417,0.0,Dryland_Cropland,cultivated habitat,4.7,45.33,3.08,25.63,34.47,29.37,36.23,1.097,0.58,26.46,951,8.15890394351239,1656.0377358490564,73.46082491813053,measured,False
1721.R6T,1721,Australia,-28.833,153.417,0.0,Dryland_Cropland,cultivated habitat,4.7,45.33,3.08,25.63,34.47,29.37,36.23,1.097,0.58,26.46,928,8.078886330406796,1552.119496855346,78.93829416426453,measured,False
1721.R7M,1721,Australia,-28.833,153.417,0.0,Dryland_Cropland,cultivated habitat,4.9,45.33,3.08,25.63,34.47,29.37,36.23,1.097,0.58,26.46,1040,8.613238646791931,1517.9310344827584,81.88746061431193,measured,False
1721.R7T,1721,Australia,-28.833,153.417,0.0,Dryland_Cropland,cultivated habitat,4.9,45.33,3.08,25.63,34.47,29.37,36.23,1.097,0.58,26.46,974,8.201520389096581,1770.3175675675675,80.87460589974101,measured,False
1721.R8B,1721,Australia,-28.833,153.417,0.0,Dryland_Cropland,cultivated habitat,5.0,45.33,3.08,25.63,34.47,29.37,36.23,1.097,0.58,26.46,874,7.739940179899933,1573.8275862068965,72.032006797341,measured,False
1721.R8M,1721,Australia,-28.833,153.417,0.0,Dryland_Cropland,cultivated habitat,5.0,45.33,3.08,25.63,34.47,29.37,36.23,1.097,0.58,26.46,859,8.268901819949905,1084.1193181818182,68.54319623090551,measured,False
1721.R9B,1721,Australia,-28.833,153.417,0.0,Dryland_Cropland,cultivated habitat,4.6,45.33,3.08,25.63,34.47,29.37,36.23,1.097,0.58,26.46,884,7.8270441547848515,1565.310344827586,76.10964104158445,measured,False
1721.R9M,1721,Australia,-28.833,153.417,0.0,Dryland_Cropland,cultivated habitat,4.6,45.33,3.08,25.63,34.47,29.37,36.23,1.097,0.58,26.46,928,7.894695653059294,1609.9386503067485,77.16960704837558,measured,False
1721.R9T,1721,Australia,-28.833,153.417,0.0,Dryland_Cropland,cultivated habitat,4.6,45.33,3.08,25.63,34.47,29.37,36.23,1.097,0.58,26.46,975,8.155734787493094,1669.1377245508982,75.80253431469853,measured,False
1721.S10B,1721,Australia,-28.833,153.417,0.0,Dryland_Cropland,cultivated habitat,4.7,45.33,3.08,25.63,34.47,29.37,36.23,1.097,0.58,26.46,1008,8.027129587274965,1711.4795321637423,79.92708951768853,measured,False
1721.S10M,1721,Australia,-28.833,153.417,0.0,Dryland_Cropland,cultivated habitat,4.7,45.33,3.08,25.63,34.47,29.37,36.23,1.097,0.58,26.46,816,7.504992163206144,1355.1891891891894,69.84121286008956,measured,False
1721.S10T,1721,Australia,-28.833,153.417,0.0,Dryland_Cropland,cultivated habitat,4.7,45.33,3.08,25.63,34.47,29.37,36.23,1.097,0.58,26.46,1105,7.903320206963379,1898.7605633802807,91.28865786045152,measured,False
1721.S11B,1721,Australia,-28.833,153.417,0.0,Dryland_Cropland,cultivated habitat,4.6,45.33,3.08,25.63,34.47,29.37,36.23,1.097,0.58,26.46,1158,8.03656601808484,1828.8127659574468,91.48221604891056,measured,False
1721.S11M,1721,Australia,-28.833,153.417,0.0,Dryland_Cropland,cultivated habitat,4.6,45.33,3.08,25.63,34.47,29.37,36.23,1.097,0.58,26.46,1124,8.389588857337138,1837.57603686636,92.20002744043592,measured,False
1721.S11T,1721,Australia,-28.833,153.417,0.0,Dryland_Cropland,cultivated habitat,4.6,45.33,3.08,25.63,34.47,29.37,36.23,1.097,0.58,26.46,1125,8.192366893880779,1646.142857142857,90.5936876670066,measured,False
1721.S12B,1721,Australia,-28.833,153.417,0.0,Dryland_Cropland,cultivated habitat,4.6,45.33,3.08,25.63,34.47,29.37,36.23,1.097,0.58,26.46,1082,8.48528212807703,1700.1269035532996,85.74428620586,measured,False
1721.S12M,1721,Australia,-28.833,153.417,0.0,Dryland_Cropland,cultivated habitat,4.6,45.33,3.08,25.63,34.47,29.37,36.23,1.097,0.58,26.46,991,8.074532374304553,1519.515625,78.04659847826801,measured,False
1721.S12T,1721,Australia,-28.833,153.417,0.0,Dryland_Cropland,cultivated habitat,4.6,45.33,3.08,25.63,34.47,29.37,36.23,1.097,0.58,26.46,1016,8.042358519834195,1696.7102272727273,82.797195342697,measured,False
1721.S13M,1721,Australia,-28.833,153.417,0.0,Dryland_Cropland,cultivated habitat,4.4,45.33,3.08,25.63,34.47,29.37,36.23,1.097,0.58,26.46,938,7.841501779813288,1181.75,72.92487513954657,measured,False
1721.S13T,1721,Australia,-28.833,153.417,0.0,Dryland_Cropland,cultivated habitat,4.4,45.33,3.08,25.63,34.47,29.37,36.23,1.097,0.58,26.46,1098,7.965371602460131,1737.3961352657009,86.35746075731562,measured,False
1721.S14B,1721,Australia,-28.833,153.417,0.0,Dryland_Cropland,cultivated habitat,4.8,45.33,3.08,25.63,34.47,29.37,36.23,1.097,0.58,26.46,912,7.875691744815185,1336.3386243386246,73.54433585551853,measured,False
1721.S14M,1721,Australia,-28.833,153.417,0.0,Dryland_Cropland,cultivated habitat,4.8,45.33,3.08,25.63,34.47,29.37,36.23,1.097,0.58,26.46,1005,8.192358496496169,1523.4329896907211,77.529207260357,measured,False
1721.S14T,1721,Australia,-28.833,153.417,0.0,Dryland_Cropland,cultivated habitat,4.8,45.33,3.08,25.63,34.47,29.37,36.23,1.097,0.58,26.46,8,0.8755559792455575,8.0,2.4965420339200004,measured,False
1721.S15B,1721,Australia,-28.833,153.417,0.0,Dryland_Cropland,cultivated habitat,4.8,45.33,3.08,25.63,34.47,29.37,36.23,1.097,0.58,26.46,1056,8.153320234150563,1784.4188481675394,84.59746738489801,measured,False
1721.S15T,1721,Australia,-28.833,153.417,0.0,Dryland_Cropland,cultivated habitat,4.8,45.33,3.08,25.63,34.47,29.37,36.23,1.097,0.58,26.46,1056,7.958963184708646,1744.4693877551022,87.77472002083553,measured,False
1721.S16B,1721,Australia,-28.833,153.417,0.0,Dryland_Cropland,cultivated habitat,4.8,45.33,3.08,25.63,34.47,29.37,36.23,1.097,0.58,26.46,990,8.139781174649322,1477.350710900474,80.2622574190595,measured,False
1721.S16M,1721,Australia,-28.833,153.417,0.0,Dryland_Cropland,cultivated habitat,4.8,45.33,3.08,25.63,34.47,29.37,36.23,1.097,0.58,26.46,998,8.164775369423099,1596.1347150259064,80.69295727447948,measured,False
1721.S16T,1721,Australia,-28.833,153.417,0.0,Dryland_Cropland,cultivated habitat,4.8,45.33,3.08,25.63,34.47,29.37,36.23,1.097,0.58,26.46,156,6.261378826728317,161.625,20.015672511357,measured,False
1721.S17B,1721,Australia,-28.833,153.417,0.0,Dryland_Cropland,cultivated habitat,4.9,45.33,3.08,25.63,34.47,29.37,36.23,1.097,0.58,26.46,1014,8.172039390555462,1527.0049019607843,82.67600004591405,measured,False
1721.S17M,1721,Australia,-28.833,153.417,0.0,Dryland_Cropland,cultivated habitat,4.9,45.33,3.08,25.63,34.47,29.37,36.23,1.097,0.58,26.46,1082,8.487359793558689,1564.9150943396226,87.69113852958044,measured,False
1721.S17T,1721,Australia,-28.833,153.417,0.0,Dryland_Cropland,cultivated habitat,4.9,45.33,3.08,25.63,34.47,29.37,36.23,1.097,0.58,26.46,1105,8.439378567318744,1725.4681818181818,87.70121984921961,measured,False
1721.S18B,1721,Australia,-28.833,153.417,0.0,Dryland_Cropland,cultivated habitat,4.8,45.33,3.08,25.63,34.47,29.37,36.23,1.097,0.58,26.46,988,8.208740284007657,1292.1801801801803,81.80951847754099,measured,False
1721.S18M,1721,Australia,-28.833,153.417,0.0,Dryland_Cropland,cultivated habitat,4.8,45.33,3.08,25.63,34.47,29.37,36.23,1.097,0.58,26.46,1081,7.911941364459752,1918.9547738693464,93.84086694442804,measured,False
1721.S18T,1721,Australia,-28.833,153.417,0.0,Dryland_Cropland,cultivated habitat,4.8,45.33,3.08,25.63,34.47,29.37,36.23,1.097,0.58,26.46,979,8.21143702094177,1511.5,76.27948472834609,measured,False
1721.S19B,1721,Australia,-28.833,153.417,0.0,Dryland_Cropland,cultivated habitat,5.0,45.33,3.08,25.63,34.47,29.37,36.23,1.097,0.58,26.46,1045,8.099746226730513,1595.7242990654206,85.586600063852,measured,False
1721.S19M,1721,Australia,-28.833,153.417,0.0,Dryland_Cropland,cultivated habitat,5.0,45.33,3.08,25.63,34.47,29.37,36.23,1.097,0.58,26.46,970,7.973297862049175,1397.2065217391305,79.1127416775126,measured,False
1721.S19T,1721,Australia,-28.833,153.417,0.0,Dryland_Cropland,cultivated habitat,5.0,45.33,3.08,25.63,34.47,29.37,36.23,1.097,0.58,26.46,1052,8.192161353060845,1470.612,84.677328195072,measured,False
1721.S1B,1721,Australia,-28.833,153.417,0.0,Dryland_Cropland,cultivated habitat,4.6,45.33,3.08,25.63,34.47,29.37,36.23,1.097,0.58,26.46,1193,8.613864195197664,1822.7628458498025,92.250047495924,measured,False
1721.S1M,1721,Australia,-28.833,153.417,0.0,Dryland_Cropland,cultivated habitat,4.6,45.33,3.08,25.63,34.47,29.37,36.23,1.097,0.58,26.46,1104,8.27809845742979,1856.13,87.05940746233699,measured,False
1721.S1T,1721,Australia,-28.833,153.417,0.0,Dryland_Cropland,cultivated habitat,4.6,45.33,3.08,25.63,34.47,29.37,36.23,1.097,0.58,26.46,1060,8.24572707941489,1713.6954314720813,84.21855143807754,measured,False
1721.S20B,1721,Australia,-28.833,153.417,0.0,Dryland_Cropland,cultivated habitat,4.6,45.33,3.08,25.63,34.47,29.37,36.23,1.097,0.58,26.46,1017,8.04061880775111,1594.720588235294,81.81093089608797,measured,False
1721.S20M,1721,Australia,-28.833,153.417,0.0,Dryland_Cropland,cultivated habitat,4.6,45.33,3.08,25.63,34.47,29.37,36.23,1.097,0.58,26.46,1054,8.460771845221952,1528.0744186046509,84.81501545157798,measured,False
1721.S20T,1721,Australia,-28.833,153.417,0.0,Dryland_Cropland,cultivated habitat,4.6,45.33,3.08,25.63,34.47,29.37,36.23,1.097,0.58,26.46,1075,8.151235442124255,1552.0427350427349,85.47506389382896,measured,False
1721.S21B,1721,Australia,-28.833,153.417,0.0,Dryland_Cropland,cultivated habitat,4.5,45.33,3.08,25.63,34.47,29.37,36.23,1.097,0.58,26.46,991,8.261257232665582,1323.5136363636366,84.18053519231256,measured,False
1721.S21M,1721,Australia,-28.833,153.417,0.0,Dryland_Cropland,cultivated habitat,4.5,45.33,3.08,25.63,34.47,29.37,36.23,1.097,0.58,26.46,893,7.680697485369526,1190.2820512820513,73.43842983719496,measured,False
1721.S22B,1721,Australia,-28.833,153.417,0.0,Dryland_Cropland,cultivated habitat,5.1,45.33,3.08,25.63,34.47,29.37,36.23,1.097,0.58,26.46,635,8.2209965062913,686.1075268817203,56.548499833776,measured,False
1721.S22M,1721,Australia,-28.833,153.417,0.0,Dryland_Cropland,cultivated habitat,5.1,45.33,3.08,25.63,34.47,29.37,36.23,1.097,0.58,26.46,1095,8.3547998039207,1544.0044247787607,90.95073541016164,measured,False
1721.S22T,1721,Australia,-28.833,153.417,0.0,Dryland_Cropland,cultivated habitat,5.1,45.33,3.08,25.63,34.47,29.37,36.23,1.097,0.58,26.46,1067,8.070025851268364,1532.0438596491226,85.15181713560993,measured,False
1721.S23B,1721,Australia,-28.833,153.417,0.0,Dryland_Cropland,cultivated habitat,5.0,45.33,3.08,25.63,34.47,29.37,36.23,1.097,0.58,26.46,1089,8.23973952368344,1415.969696969697,91.46581987742206,measured,False
1721.S23M,1721,Australia,-28.833,153.417,0.0,Dryland_Cropland,cultivated habitat,5.0,45.33,3.08,25.63,34.47,29.37,36.23,1.097,0.58,26.46,1022,7.902065333270133,1567.2463054187192,82.11272110428294,measured,False
1721.S24B,1721,Australia,-28.833,153.417,0.0,Dryland_Cropland,cultivated habitat,4.9,45.33,3.08,25.63,34.47,29.37,36.23,1.097,0.58,26.46,951,7.9016043179650675,1461.2670157068064,80.34047784903159,measured,False
1721.S24M,1721,Australia,-28.833,153.417,0.0,Dryland_Cropland,cultivated habitat,4.9,45.33,3.08,25.63,34.47,29.37,36.23,1.097,0.58,26.46,975,8.13054578638086,1298.1004784688996,76.03433542307395,measured,False
1721.S24T,1721,Australia,-28.833,153.417,0.0,Dryland_Cropland,cultivated habitat,4.9,45.33,3.08,25.63,34.47,29.37,36.23,1.097,0.58,26.46,925,7.894583440681571,1210.574162679426,74.60454240800595,measured,False
1721.S25B,1721,Australia,-28.833,153.417,0.0,Dryland_Cropland,cultivated habitat,4.8,45.33,3.08,25.63,34.47,29.37,36.23,1.097,0.58,26.46,7,1.2970815676223173,7.0,2.8481978394,measured,False
1721.S25M,1721,Australia,-28.833,153.417,0.0,Dryland_Cropland,cultivated habitat,4.8,45.33,3.08,25.63,34.47,29.37,36.23,1.097,0.58,26.46,11,2.0980669764515,11.0,3.91976587955,measured,False
1721.S25T,1721,Australia,-28.833,153.417,0.0,Dryland_Cropland,cultivated habitat,4.8,45.33,3.08,25.63,34.47,29.37,36.23,1.097,0.58,26.46,213,6.697460172739649,213.6,27.38285175686201,measured,False
1721.S26B,1721,Australia,-28.833,153.417,0.0,Dryland_Cropland,cultivated habitat,4.9,45.33,3.08,25.63,34.47,29.37,36.23,1.097,0.58,26.46,8,1.7823630142050224,8.0,3.3315244797000005,measured,False
1721.S26M,1721,Australia,-28.833,153.417,0.0,Dryland_Cropland,cultivated habitat,4.9,45.33,3.08,25.63,34.47,29.37,36.23,1.097,0.58,26.46,11,1.82309763809558,11.0,3.8165520405,measured,False
1721.S26T,1721,Australia,-28.833,153.417,0.0,Dryland_Cropland,cultivated habitat,4.9,45.33,3.08,25.63,34.47,29.37,36.23,1.097,0.58,26.46,8,1.4019717179600162,8.0,2.9215733435799995,measured,False
1721.S27B,1721,Australia,-28.833,153.417,0.0,Dryland_Cropland,cultivated habitat,4.7,45.33,3.08,25.63,34.47,29.37,36.23,1.097,0.58,26.46,19,2.7657237616570822,19.0,4.990518463689999,measured,False
1721.S27M,1721,Australia,-28.833,153.417,0.0,Dryland_Cropland,cultivated habitat,4.7,45.33,3.08,25.63,34.47,29.37,36.23,1.097,0.58,26.46,8,1.5427209347689246,8.0,2.93388870848,measured,False
1721.S27T,1721,Australia,-28.833,153.417,0.0,Dryland_Cropland,cultivated habitat,4.7,45.33,3.08,25.63,34.47,29.37,36.23,1.097,0.58,26.46,8,1.8637038824047176,8.0,3.00116839577,measured,False
1721.S28B,1721,Australia,-28.833,153.417,0.0,Dryland_Cropland,cultivated habitat,4.8,45.33,3.08,25.63,34.47,29.37,36.23,1.097,0.58,26.46,23,3.4026050463843287,23.0,6.111147784259999,measured,False
1721.S28M,1721,Australia,-28.833,153.417,0.0,Dryland_Cropland,cultivated habitat,4.8,45.33,3.08,25.63,34.47,29.37,36.23,1.097,0.58,26.46,14,1.9678792982216493,14.5,3.4562602030900003,measured,False
1721.S28T,1721,Australia,-28.833,153.417,0.0,Dryland_Cropland,cultivated habitat,4.8,45.33,3.08,25.63,34.47,29.37,36.23,1.097,0.58,26.46,15,2.760030939720157,15.0,3.51037912641,measured,False
1721.S29B,1721,Australia,-28.833,153.417,0.0,Dryland_Cropland,cultivated habitat,5.1,45.33,3.08,25.63,34.47,29.37,36.23,1.097,0.58,26.46,15,1.990912732993784,16.5,4.429062901469999,measured,False
1721.S29M,1721,Australia,-28.833,153.417,0.0,Dryland_Cropland,cultivated habitat,5.1,45.33,3.08,25.63,34.47,29.37,36.23,1.097,0.58,26.46,12,2.2502028826127343,12.0,4.10615811649,measured,False
1721.S2B,1721,Australia,-28.833,153.417,0.0,Dryland_Cropland,cultivated habitat,4.7,45.33,3.08,25.63,34.47,29.37,36.23,1.097,0.58,26.46,1142,8.361376946739997,1793.6434782608694,91.69429600241992,measured,False
1721.S2M,1721,Australia,-28.833,153.417,0.0,Dryland_Cropland,cultivated habitat,4.7,45.33,3.08,25.63,34.47,29.37,36.23,1.097,0.58,26.46,1025,8.223056278451345,1658.6290322580646,85.79362771703201,measured,False
1721.S2T,1721,Australia,-28.833,153.417,0.0,Dryland_Cropland,cultivated habitat,4.7,45.33,3.08,25.63,34.47,29.37,36.23,1.097,0.58,26.46,970,7.5238561076694594,1543.75,79.6410952134351,measured,False
1721.S30M,1721,Australia,-28.833,153.417,0.0,Dryland_Cropland,cultivated habitat,5.03,45.33,3.08,25.63,34.47,29.37,36.23,1.097,0.58,26.46,1026,8.576780585363766,1581.2956989247311,84.44319128021013,soilgrids_imputed,True
1721.S3B,1721,Australia,-28.833,153.417,0.0,Dryland_Cropland,cultivated habitat,4.5,45.33,3.08,25.63,34.47,29.37,36.23,1.097,0.58,26.46,1010,8.13300892455011,1656.672131147541,80.52738666526098,measured,False
1721.S3M,1721,Australia,-28.833,153.417,0.0,Dryland_Cropland,cultivated habitat,4.5,45.33,3.08,25.63,34.47,29.37,36.23,1.097,0.58,26.46,65,4.8187198872383465,65.33333333333333,11.696058174587,measured,False
1721.S3T,1721,Australia,-28.833,153.417,0.0,Dryland_Cropland,cultivated habitat,4.5,45.33,3.08,25.63,34.47,29.37,36.23,1.097,0.58,26.46,1076,8.270983922311862,1700.0144230769229,83.89356420401259,measured,False
1721.S4B,1721,Australia,-28.833,153.417,0.0,Dryland_Cropland,cultivated habitat,4.8,45.33,3.08,25.63,34.47,29.37,36.23,1.097,0.58,26.46,1185,8.461597614145061,2021.367924528302,96.76366644549508,measured,False
1721.S4M,1721,Australia,-28.833,153.417,0.0,Dryland_Cropland,cultivated habitat,4.8,45.33,3.08,25.63,34.47,29.37,36.23,1.097,0.58,26.46,1148,8.193853673439179,1888.4794520547944,96.73640742676544,measured,False
1721.S4T,1721,Australia,-28.833,153.417,0.0,Dryland_Cropland,cultivated habitat,4.8,45.33,3.08,25.63,34.47,29.37,36.23,1.097,0.58,26.46,1143,8.19835534807596,1822.6916299559475,98.84612496595696,measured,False
1721.S5B,1721,Australia,-28.833,153.417,0.0,Dryland_Cropland,cultivated habitat,4.9,45.33,3.08,25.63,34.47,29.37,36.23,1.097,0.58,26.46,1030,8.004493537921286,1759.0932642487046,82.06756338617498,measured,False
1721.S5M,1721,Australia,-28.833,153.417,0.0,Dryland_Cropland,cultivated habitat,4.9,45.33,3.08,25.63,34.47,29.37,36.23,1.097,0.58,26.46,1072,8.166888637829965,1898.736842105264,90.90669865215447,measured,False
1721.S5T,1721,Australia,-28.833,153.417,0.0,Dryland_Cropland,cultivated habitat,4.9,45.33,3.08,25.63,34.47,29.37,36.23,1.097,0.58,26.46,1012,8.203973172916688,1421.2558139534883,82.03239511563959,measured,False
1721.S6B,1721,Australia,-28.833,153.417,0.0,Dryland_Cropland,cultivated habitat,4.7,45.33,3.08,25.63,34.47,29.37,36.23,1.097,0.58,26.46,1069,8.005408966839406,1641.0619469026549,85.98208655801761,measured,False
1721.S6M,1721,Australia,-28.833,153.417,0.0,Dryland_Cropland,cultivated habitat,4.7,45.33,3.08,25.63,34.47,29.37,36.23,1.097,0.58,26.46,1105,8.276835723402934,1870.2777777777767,92.513197495948,measured,False
1721.S6T,1721,Australia,-28.833,153.417,0.0,Dryland_Cropland,cultivated habitat,4.7,45.33,3.08,25.63,34.47,29.37,36.23,1.097,0.58,26.46,1066,7.944990873028327,1609.847533632287,87.19833256828163,measured,False
1721.S7B,1721,Australia,-28.833,153.417,0.0,Dryland_Cropland,cultivated habitat,4.9,45.33,3.08,25.63,34.47,29.37,36.23,1.097,0.58,26.46,1117,8.14356760315745,1747.0886075949363,87.63658627295997,measured,False
1721.S7M,1721,Australia,-28.833,153.417,0.0,Dryland_Cropland,cultivated habitat,4.9,45.33,3.08,25.63,34.47,29.37,36.23,1.097,0.58,26.46,1169,8.04468219736987,1941.0046296296296,95.66627530174196,measured,False
1721.S7T,1721,Australia,-28.833,153.417,0.0,Dryland_Cropland,cultivated habitat,4.9,45.33,3.08,25.63,34.47,29.37,36.23,1.097,0.58,26.46,1028,8.31983031925019,1368.246511627907,78.89071850819397,measured,False
1721.S8B,1721,Australia,-28.833,153.417,0.0,Dryland_Cropland,cultivated habitat,5.0,45.33,3.08,25.63,34.47,29.37,36.23,1.097,0.58,26.46,1091,8.320811386453265,1649.884792626728,90.7049008690966,measured,False
1721.S8M,1721,Australia,-28.833,153.417,0.0,Dryland_Cropland,cultivated habitat,5.0,45.33,3.08,25.63,34.47,29.37,36.23,1.097,0.58,26.46,1032,8.132268964001652,1777.9180327868853,83.21865950980956,measured,False
1721.S8T,1721,Australia,-28.833,153.417,0.0,Dryland_Cropland,cultivated habitat,5.0,45.33,3.08,25.63,34.47,29.37,36.23,1.097,0.58,26.46,1125,8.216087145736157,1812.5135135135129,88.84602103983946,measured,False
1721.S9B,1721,Australia,-28.833,153.417,0.0,Dryland_Cropland,cultivated habitat,4.6,45.33,3.08,25.63,34.47,29.37,36.23,1.097,0.58,26.46,1151,8.208837113739103,1786.268595041323,95.6808832291156,measured,False
1721.S9M,1721,Australia,-28.833,153.417,0.0,Dryland_Cropland,cultivated habitat,4.6,45.33,3.08,25.63,34.47,29.37,36.23,1.097,0.58,26.46,1123,8.30665820548085,1820.5963302752289,92.99056498274948,measured,False
1721.S9T,1721,Australia,-28.833,153.417,0.0,Dryland_Cropland,cultivated habitat,4.6,45.33,3.08,25.63,34.47,29.37,36.23,1.097,0.58,26.46,1000,7.834945613094136,1676.2459016393443,81.63718752465459,measured,False
1721.SBB2,1721,Australia,-28.833,153.417,0.0,Dryland_Cropland,cultivated habitat,5.03,45.33,3.08,25.63,34.47,29.37,36.23,1.097,0.58,26.46,10,2.4827532914265733,10.0,3.4214362523899986,soilgrids_imputed,True
1721.Soil.NIL.100.N.10.1,1721,Australia,-28.833,153.417,0.0,Dryland_Cropland,cultivated habitat,5.03,45.33,3.08,25.63,34.47,29.37,36.23,1.097,0.62,28.65,564,6.840998260205125,989.04,53.704162928718006,soilgrids_imputed,True
1721.Soil.NIL.100.N.10.2,1721,Australia,-28.833,153.417,0.0,Dryland_Cropland,cultivated habitat,5.03,45.33,3.08,25.63,34.47,29.37,36.23,1.097,0.62,28.65,679,7.6029937464624116,1198.5384615384614,57.03189281376898,soilgrids_imputed,True
1721.Soil.NIL.100.N.10.3,1721,Australia,-28.833,153.417,0.0,Dryland_Cropland,cultivated habitat,5.03,45.33,3.08,25.63,34.47,29.37,36.23,1.097,0.62,28.65,569,6.275050046050548,934.9782608695652,54.80916440603107,soilgrids_imputed,True
1721.Soil.NIL.100.N.14.1,1721,Australia,-28.833,153.417,0.0,Dryland_Cropland,cultivated habitat,5.03,45.33,3.08,25.63,34.47,29.37,36.23,1.097,0.62,28.65,762,7.031334773963359,1339.6693548387098,66.83633693838895,soilgrids_imputed,True
1721.Soil.NIL.100.N.14.2,1721,Australia,-28.833,153.417,0.0,Dryland_Cropland,cultivated habitat,5.03,45.33,3.08,25.63,34.47,29.37,36.23,1.097,0.62,28.65,583,5.953355726057472,959.75,52.277426584305104,soilgrids_imputed,True
1721.Soil.NIL.100.N.14.3,1721,Australia,-28.833,153.417,0.0,Dryland_Cropland,cultivated habitat,5.03,45.33,3.08,25.63,34.47,29.37,36.23,1.097,0.62,28.65,744,7.6725903836995535,1199.3272727272729,63.121058783013005,soilgrids_imputed,True
1721.Soil.NIL.100.N.22.1,1721,Australia,-28.833,153.417,0.0,Dryland_Cropland,cultivated habitat,5.03,45.33,3.08,25.63,34.47,29.37,36.23,1.097,0.62,28.65,661,5.8127788741403,1133.0434782608695,62.62982907215751,soilgrids_imputed,True
1721.Soil.NIL.100.N.22.2,1721,Australia,-28.833,153.417,0.0,Dryland_Cropland,cultivated habitat,5.03,45.33,3.08,25.63,34.47,29.37,36.23,1.097,0.62,28.65,678,7.878745736555382,976.9,58.49381730874799,soilgrids_imputed,True
1721.Soil.NIL.100.N.22.3,1721,Australia,-28.833,153.417,0.0,Dryland_Cropland,cultivated habitat,5.03,45.33,3.08,25.63,34.47,29.37,36.23,1.097,0.62,28.65,704,6.6284553558953165,1131.06106870229,66.16085140510312,soilgrids_imputed,True
1721.BMC.7.1T.3.1,1721,Australia,-28.833,153.417,0.0,Dryland_Cropland,cultivated habitat,5.03,45.33,3.08,25.63,34.47,29.37,36.23,1.097,0.62,28.65,848,7.730992653914567,1409.3435114503818,69.23804144104699,soilgrids_imputed,True
1721.BMC.7.1T.3.2,1721,Australia,-28.833,153.417,0.0,Dryland_Cropland,cultivated habitat,5.03,45.33,3.08,25.63,34.47,29.37,36.23,1.097,0.62,28.65,776,7.676662310548563,1232.0656934306571,65.91810688360101,soilgrids_imputed,True
1721.BMC.7.1T.3.3,1721,Australia,-28.833,153.417,0.0,Dryland_Cropland,cultivated habitat,5.03,45.33,3.08,25.63,34.47,29.37,36.23,1.097,0.62,28.65,754,7.246355591641773,1306.048,65.902132386661,soilgrids_imputed,True
1721.BMC.7.1T.20.1,1721,Australia,-28.833,153.417,0.0,Dryland_Cropland,cultivated habitat,5.03,45.33,3.08,25.63,34.47,29.37,36.23,1.097,0.62,28.65,787,7.702335644170063,1304.3464566929133,67.54308768045398,soilgrids_imputed,True
1721.BMC.7.1T.20.2,1721,Australia,-28.833,153.417,0.0,Dryland_Cropland,cultivated habitat,5.03,45.33,3.08,25.63,34.47,29.37,36.23,1.097,0.62,28.65,638,6.265518070234736,1104.909090909091,55.96111339017699,soilgrids_imputed,True
1721.BMC.7.1T.20.3,1721,Australia,-28.833,153.417,0.0,Dryland_Cropland,cultivated habitat,5.03,45.33,3.08,25.63,34.47,29.37,36.23,1.097,0.62,28.65,745,7.265937348479827,1238.7073170731708,66.71528661470398,soilgrids_imputed,True
1721.BMC.7.1T.26.1,1721,Australia,-28.833,153.417,0.0,Dryland_Cropland,cultivated habitat,5.03,45.33,3.08,25.63,34.47,29.37,36.23,1.097,0.62,28.65,749,7.39143208182456,1260.224,64.91783808861003,soilgrids_imputed,True
1721.BMC.7.1T.26.2,1721,Australia,-28.833,153.417,0.0,Dryland_Cropland,cultivated habitat,5.03,45.33,3.08,25.63,34.47,29.37,36.23,1.097,0.62,28.65,827,7.965545366158141,1267.9597315436242,66.410507213202,soilgrids_imputed,True
1721.BMC.7.1T.26.3,1721,Australia,-28.833,153.417,0.0,Dryland_Cropland,cultivated habitat,5.03,45.33,3.08,25.63,34.47,29.37,36.23,1.097,0.62,28.65,696,6.711755336663688,1210.5535714285716,62.8493401624896,soilgrids_imputed,True
1721.BMC.8.5T.2.1,1721,Australia,-28.833,153.417,0.0,Dryland_Cropland,cultivated habitat,5.03,45.33,3.08,25.63,34.47,29.37,36.23,1.097,0.62,28.65,713,7.465504229597824,1114.7083333333333,59.494608650570974,soilgrids_imputed,True
1721.BMC.8.5T.2.2,1721,Australia,-28.833,153.417,0.0,Dryland_Cropland,cultivated habitat,5.03,45.33,3.08,25.63,34.47,29.37,36.23,1.097,0.62,28.65,860,7.889798489480691,1455.9714285714283,71.63966076174798,soilgrids_imputed,True
1721.BMC.8.5T.2.3,1721,Australia,-28.833,153.417,0.0,Dryland_Cropland,cultivated habitat,5.03,45.33,3.08,25.63,34.47,29.37,36.23,1.097,0.62,28.65,865,7.894125287406941,1426.9718309859156,72.17627841671897,soilgrids_imputed,True
1721.BMC.8.5T.17.1,1721,Australia,-28.833,153.417,0.0,Dryland_Cropland,cultivated habitat,5.03,45.33,3.08,25.63,34.47,29.37,36.23,1.097,0.62,28.65,811,6.871985882564808,1514.92,69.69277045211699,soilgrids_imputed,True
1721.BMC.8.5T.17.2,1721,Australia,-28.833,153.417,0.0,Dryland_Cropland,cultivated habitat,5.03,45.33,3.08,25.63,34.47,29.37,36.23,1.097,0.62,28.65,671,5.810142144036584,1288.8942307692307,57.14915130755799,soilgrids_imputed,True
1721.BMC.8.5T.17.3,1721,Australia,-28.833,153.417,0.0,Dryland_Cropland,cultivated habitat,5.03,45.33,3.08,25.63,34.47,29.37,36.23,1.097,0.62,28.65,675,5.952154941110951,1219.403669724771,57.80760697633299,soilgrids_imputed,True
1721.BMC.8.5T.23.1,1721,Australia,-28.833,153.417,0.0,Dryland_Cropland,cultivated habitat,5.03,45.33,3.08,25.63,34.47,29.37,36.23,1.097,0.62,28.65,701,6.015453115587229,1215.088,60.20315257040098,soilgrids_imputed,True
1721.BMC.8.5T.23.2,1721,Australia,-28.833,153.417,0.0,Dryland_Cropland,cultivated habitat,5.03,45.33,3.08,25.63,34.47,29.37,36.23,1.097,0.62,28.65,712,6.230475124715135,1418.483870967742,65.11075558309298,soilgrids_imputed,True
1721.BMC.8.5T.23.3,1721,Australia,-28.833,153.417,0.0,Dryland_Cropland,cultivated habitat,5.03,45.33,3.08,25.63,34.47,29.37,36.23,1.097,0.62,28.65,700,5.528066356257481,1256.625,59.81607536761,soilgrids_imputed,True
1721.BMC.7.5T.5.1,1721,Australia,-28.833,153.417,0.0,Dryland_Cropland,cultivated habitat,5.03,45.33,3.08,25.63,34.47,29.37,36.23,1.097,0.62,28.65,604,5.360255125729628,1100.6981132075473,57.77905895098699,soilgrids_imputed,True
1721.BMC.7.5T.5.2,1721,Australia,-28.833,153.417,0.0,Dryland_Cropland,cultivated habitat,5.03,45.33,3.08,25.63,34.47,29.37,36.23,1.097,0.62,28.65,568,5.875321474694317,1155.1375,56.426407011016,soilgrids_imputed,True
1721.BMC.7.5T.5.3,1721,Australia,-28.833,153.417,0.0,Dryland_Cropland,cultivated habitat,5.03,45.33,3.08,25.63,34.47,29.37,36.23,1.097,0.62,28.65,629,6.266216643531318,1066.7592592592591,54.94892861259002,soilgrids_imputed,True
1721.BMC.7.5T.18.1,1721,Australia,-28.833,153.417,0.0,Dryland_Cropland,cultivated habitat,5.03,45.33,3.08,25.63,34.47,29.37,36.23,1.097,0.62,28.65,785,6.568597493499492,1420.8536585365855,66.75120303919799,soilgrids_imputed,True
1721.BMC.7.5T.18.2,1721,Australia,-28.833,153.417,0.0,Dryland_Cropland,cultivated habitat,5.03,45.33,3.08,25.63,34.47,29.37,36.23,1.097,0.62,28.65,655,6.283099854654153,1118.974358974359,54.389736646927005,soilgrids_imputed,True
1721.BMC.7.5T.18.3,1721,Australia,-28.833,153.417,0.0,Dryland_Cropland,cultivated habitat,5.03,45.33,3.08,25.63,34.47,29.37,36.23,1.097,0.62,28.65,697,6.916456488376424,1172.3076923076926,60.18762147109799,soilgrids_imputed,True
1721.BMC.7.5T.21.1,1721,Australia,-28.833,153.417,0.0,Dryland_Cropland,cultivated habitat,5.03,45.33,3.08,25.63,34.47,29.37,36.23,1.097,0.62,28.65,804,7.557784592236322,1297.8308823529412,66.833993496478,soilgrids_imputed,True
1721.BMC.7.5T.21.2,1721,Australia,-28.833,153.417,0.0,Dryland_Cropland,cultivated habitat,5.03,45.33,3.08,25.63,34.47,29.37,36.23,1.097,0.62,28.65,658,6.872994517572105,1199.967741935484,60.723629582762015,soilgrids_imputed,True
1721.BMC.7.5T.21.3,1721,Australia,-28.833,153.417,0.0,Dryland_Cropland,cultivated habitat,5.03,45.33,3.08,25.63,34.47,29.37,36.23,1.097,0.62,28.65,595,6.486672722371365,1028.5306122448978,55.41637863600798,soilgrids_imputed,True
1721.BMC.8.1T.11.1,1721,Australia,-28.833,153.417,0.0,Dryland_Cropland,cultivated habitat,5.03,45.33,3.08,25.63,34.47,29.37,36.23,1.097,0.62,28.65,925,7.627756431603252,1674.611510791367,77.35791051482455,soilgrids_imputed,True
1721.BMC.8.1T.11.2,1721,Australia,-28.833,153.417,0.0,Dryland_Cropland,cultivated habitat,5.03,45.33,3.08,25.63,34.47,29.37,36.23,1.097,0.62,28.65,983,7.981820993565992,1658.159090909091,79.06801089408597,soilgrids_imputed,True
1721.BMC.8.1T.11.3,1721,Australia,-28.833,153.417,0.0,Dryland_Cropland,cultivated habitat,5.03,45.33,3.08,25.63,34.47,29.37,36.23,1.097,0.62,28.65,728,7.480721698622086,1183.3272727272729,70.01660598629249,soilgrids_imputed,True
1721.BMC.8.1T.30.1,1721,Australia,-28.833,153.417,0.0,Dryland_Cropland,cultivated habitat,5.03,45.33,3.08,25.63,34.47,29.37,36.23,1.097,0.62,28.65,818,7.61300273673841,1464.7741935483873,71.75269696008203,soilgrids_imputed,True
1721.BMC.8.1T.30.2,1721,Australia,-28.833,153.417,0.0,Dryland_Cropland,cultivated habitat,5.03,45.33,3.08,25.63,34.47,29.37,36.23,1.097,0.62,28.65,741,7.287064164743055,1187.6666666666667,60.71851059495798,soilgrids_imputed,True
1721.BMC.8.1T.30.3,1721,Australia,-28.833,153.417,0.0,Dryland_Cropland,cultivated habitat,5.03,45.33,3.08,25.63,34.47,29.37,36.23,1.097,0.62,28.65,679,7.1005313891487765,1245.1262135922327,55.272282054839,soilgrids_imputed,True
2382.SH008.C6.HA.5.746.bulk.9.12.lane7.NoIndex.L007.sequences,2382,United States of America,41.01446,-72.5285,,Dryland_Cropland,vineyard,7.07,42.87,3.93,15.33,11.3,54.17,34.6,1.373,0.34,15.81,1620,9.660662162184408,2774.5414012738856,131.32168854858298,measured,False
2382.SH008.C6.HA.4.741.bulk.9.12.lane7.NoIndex.L007.sequences,2382,United States of America,41.01446,-72.5285,,Dryland_Cropland,vineyard,7.17,42.87,3.93,15.33,11.3,54.17,34.6,1.373,0.34,15.81,1618,9.65390365512848,2938.0,129.66793995593562,measured,False
2382.SH008.C6.HA.3.736.bulk.9.12.lane7.NoIndex.L007.sequences,2382,United States of America,41.01446,-72.5285,,Dryland_Cropland,vineyard,7.27,42.87,3.93,15.33,11.3,54.17,34.6,1.373,0.34,15.81,1607,9.579160448700208,2824.754777070064,127.62841015501556,measured,False
2382.SH008.C6.HA.2.731.bulk.9.12.lane7.NoIndex.L007.sequences,2382,United States of America,41.01446,-72.5285,,Dryland_Cropland,vineyard,7.06,42.87,3.93,15.33,11.3,54.17,34.6,1.373,0.34,15.81,1654,9.702228062292212,2980.070234113712,134.42953206547864,measured,False
2382.SH008.C6.HA.1.SH008.soil.bulk.9.12.lane7.NoIndex.L007.sequences,2382,United States of America,41.01446,-72.5285,,Dryland_Cropland,vineyard,7.19,42.87,3.93,15.33,11.3,54.17,34.6,1.373,0.34,15.81,1565,9.609307612110186,2600.7356687898086,126.48769031813856,measured,False
2382.SH008.C6.HA.1.726.bulk.9.12.lane7.NoIndex.L007.sequences,2382,United States of America,41.01446,-72.5285,,Dryland_Cropland,vineyard,7.36,42.87,3.93,15.33,11.3,54.17,34.6,1.373,0.34,15.81,1613,9.574381691104444,2915.122033898305,132.12716431430096,measured,False
2382.SH007.C6.RH.5.721.bulk.9.12.lane7.NoIndex.L007.sequences,2382,United States of America,41.0149,-72.52847,,Dryland_Cropland,vineyard,7.2,45.62,3.955,15.0,11.4,54.65,33.98,1.372,0.34,15.81,1669,9.69044408716054,3084.5067114093963,131.78726462322803,measured,False
2382.SH007.C6.RH.5.521.bulk.4.12.lane7.NoIndex.L007.sequences,2382,United States of America,41.01494,-72.5285,,Dryland_Cropland,vineyard,7.12,45.62,3.955,15.0,11.4,54.65,33.98,1.372,0.57,8.4,1657,9.648978680092853,2972.5846645367405,129.22515424744603,measured,False
2382.SH007.C6.RH.4.716.bulk.9.12.lane7.NoIndex.L007.sequences,2382,United States of America,41.0149,-72.52847,,Dryland_Cropland,vineyard,7.07,45.62,3.955,15.0,11.4,54.65,33.98,1.372,0.34,15.81,1601,9.632143544837431,2907.520833333333,128.943789137335,measured,False
2382.SH007.C6.RH.4.516.bulk.4.12.lane7.NoIndex.L007.sequences,2382,United States of America,41.01494,-72.5285,,Dryland_Cropland,vineyard,7.29,45.62,3.955,15.0,11.4,54.65,33.98,1.372,0.57,8.4,1645,9.730851500425606,2895.8229508196723,129.5044412778763,measured,False
2382.SH007.C6.RH.3.711.bulk.9.12.lane7.NoIndex.L007.sequences,2382,United States of America,41.0149,-72.52847,,Dryland_Cropland,vineyard,5.17,45.62,3.955,15.0,11.4,54.65,33.98,1.372,0.34,15.81,1650,9.719003798442117,2908.23642172524,126.77691148934596,soilgrids_imputed,True
2382.SH007.C6.RH.3.511.bulk.4.12.lane7.NoIndex.L007.sequences,2382,United States of America,41.01494,-72.5285,,Dryland_Cropland,vineyard,7.18,45.62,3.955,15.0,11.4,54.65,33.98,1.372,0.57,8.4,1767,9.87613294645693,3345.388714733543,140.41279085137705,measured,False
2382.SH007.C6.RH.2.706.bulk.9.12.lane7.NoIndex.L007.sequences,2382,United States of America,41.0149,-72.52847,,Dryland_Cropland,vineyard,5.17,45.62,3.955,15.0,11.4,54.65,33.98,1.372,0.34,15.81,1596,9.676491396171697,2862.0,128.221636474136,soilgrids_imputed,True
2382.SH007.C6.RH.2.506.bulk.4.12.lane7.NoIndex.L007.sequences,2382,United States of America,41.01494,-72.5285,,Dryland_Cropland,vineyard,7.03,45.62,3.955,15.0,11.4,54.65,33.98,1.372,0.57,8.4,1769,9.879456139408338,3417.725490196079,144.17992079805003,measured,False
2382.SH007.C6.RH.1.701.bulk.9.12.lane7.NoIndex.L007.sequences,2382,United States of America,41.0149,-72.52847,,Dryland_Cropland,vineyard,7.43,45.62,3.955,15.0,11.4,54.65,33.98,1.372,0.34,15.81,1674,9.722857157764192,2941.599388379205,137.09247322717303,measured,False
2382.SH007.C6.RH.1.501.bulk.4.12.lane7.NoIndex.L007.sequences,2382,United States of America,41.01494,-72.5285,,Dryland_Cropland,vineyard,7.11,45.62,3.955,15.0,11.4,54.65,33.98,1.372,0.57,8.4,1623,9.677089616921872,3238.330769230769,123.680803707923,measured,False
2382.SH005.C3.RH.5.671.bulk.9.12.lane7.NoIndex.L007.sequences,2382,United States of America,41.0152,-72.52808,,Dryland_Cropland,vineyard,7.06,45.62,3.955,15.0,11.4,54.65,33.98,1.372,0.34,15.81,1561,9.426761659098272,2869.1263157894728,131.0389899155009,measured,False
2382.SH005.C3.RH.5.471.bulk.4.12.lane7.NoIndex.L007.sequences,2382,United States of America,41.01534,-72.52808,,Dryland_Cropland,vineyard,7.18,45.62,3.955,15.0,11.4,54.65,33.98,1.372,0.57,8.4,1663,9.812625977194656,2908.5211726384364,135.02449098457802,measured,False
2382.SH005.C3.RH.4.666.bulk.9.12.lane7.NoIndex.L007.sequences,2382,United States of America,41.0152,-72.52808,,Dryland_Cropland,vineyard,7.03,45.62,3.955,15.0,11.4,54.65,33.98,1.372,0.34,15.81,1612,9.635761496600244,3009.557553956835,127.6997996795656,measured,False
2382.SH005.C3.RH.3.661.bulk.9.12.lane7.NoIndex.L007.sequences,2382,United States of America,41.0152,-72.52808,,Dryland_Cropland,vineyard,7.23,45.62,3.955,15.0,11.4,54.65,33.98,1.372,0.34,15.81,1690,9.711229000152391,3327.153571428572,140.6115290536745,measured,False
2382.SH005.C3.RH.2.656.bulk.9.12.lane7.NoIndex.L007.sequences,2382,United States of America,41.0152,-72.52808,,Dryland_Cropland,vineyard,6.97,45.62,3.955,15.0,11.4,54.65,33.98,1.372,0.34,15.81,1573,9.63475532080406,2806.0036363636364,133.59102751099658,measured,False
2382.SH005.C3.RH.1.651.bulk.9.12.lane7.NoIndex.L007.sequences,2382,United States of America,41.0152,-72.52808,,Dryland_Cropland,vineyard,7.04,45.62,3.955,15.0,11.4,54.65,33.98,1.372,0.34,15.81,1633,9.643550360747325,3002.424561403509,130.0670692087046,measured,False
2382.SH005.C3.RH.1.451.bulk.4.12.lane7.NoIndex.L007.sequences,2382,United States of America,41.01534,-72.52808,,Dryland_Cropland,vineyard,7.27,45.62,3.955,15.0,11.4,54.65,33.98,1.372,0.57,8.4,1727,9.801411053474617,3182.141955835962,137.36550815014394,measured,False
2382.SH004.C1.RH.5.621.bulk.9.12.lane7.NoIndex.L007.sequences,2382,United States of America,41.01489,-72.52841,,Dryland_Cropland,vineyard,7.44,45.62,3.955,15.0,11.4,54.65,33.98,1.372,0.34,15.81,1546,9.584551773295884,2776.0,126.380242661974,measured,False
2382.SH004.C1.RH.5.421.bulk.4.12.lane7.NoIndex.L007.sequences,2382,United States of America,41.01498,-72.52846,,Dryland_Cropland,vineyard,7.28,45.62,3.955,15.0,11.4,54.65,33.98,1.372,0.57,8.4,1565,9.65580674134796,2961.23046875,125.027876542717,measured,False
2382.SH004.C1.RH.4.616.bulk.9.12.lane7.NoIndex.L007.sequences,2382,United States of America,41.01489,-72.52841,,Dryland_Cropland,vineyard,7.57,45.62,3.955,15.0,11.4,54.65,33.98,1.372,0.34,15.81,1616,9.67306543881183,2924.1263157894728,126.9804174280096,measured,False
2382.SH004.C1.RH.4.416.bulk.4.12.lane7.NoIndex.L007.sequences,2382,United States of America,41.01498,-72.52846,,Dryland_Cropland,vineyard,7.24,45.62,3.955,15.0,11.4,54.65,33.98,1.372,0.57,8.4,1542,9.566130187373126,2876.772727272727,123.518771559793,measured,False
2382.SH004.C1.RH.3.611.bulk.9.12.lane7.NoIndex.L007.sequences,2382,United States of America,41.01489,-72.52841,,Dryland_Cropland,vineyard,7.29,45.62,3.955,15.0,11.4,54.65,33.98,1.372,0.34,15.81,1485,9.439884888175945,2658.022813688213,117.94929622575954,measured,False
2382.SH004.C1.RH.3.411.bulk.4.12.lane7.NoIndex.L007.sequences,2382,United States of America,41.01498,-72.52846,,Dryland_Cropland,vineyard,7.45,45.62,3.955,15.0,11.4,54.65,33.98,1.372,0.57,8.4,1648,9.703827831610807,3055.702341137124,136.60210513292463,measured,False
2382.SH004.C1.RH.2.606.bulk.9.12.lane7.NoIndex.L007.sequences,2382,United States of America,41.01489,-72.52841,,Dryland_Cropland,vineyard,7.14,45.62,3.955,15.0,11.4,54.65,33.98,1.372,0.34,15.81,1518,9.542543570988084,2817.519685039371,118.22434170730703,measured,False
2382.SH004.C1.RH.2.406.bulk.4.12.lane7.NoIndex.L007.sequences,2382,United States of America,41.01498,-72.52846,,Dryland_Cropland,vineyard,7.46,45.62,3.955,15.0,11.4,54.65,33.98,1.372,0.57,8.4,1613,9.74564631129608,2848.451724137931,127.43043955701263,measured,False
2382.SH004.C1.RH.1.601.bulk.9.12.lane7.NoIndex.L007.sequences,2382,United States of America,41.01489,-72.52841,,Dryland_Cropland,vineyard,6.92,45.62,3.955,15.0,11.4,54.65,33.98,1.372,0.34,15.81,1515,9.250536716225096,2692.3472222222226,114.41106586874255,measured,False
2382.SH004.C1.RH.1.401.bulk.4.12.lane7.NoIndex.L007.sequences,2382,United States of America,41.01498,-72.52846,,Dryland_Cropland,vineyard,7.28,45.62,3.955,15.0,11.4,54.65,33.98,1.372,0.57,8.4,1607,9.604832233559144,2971.3784722222226,132.13486152671862,measured,False
2382.RU006.C181.RH.5.796.bulk.9.12.lane7.NoIndex.L007.sequences,2382,United States of America,41.00943,-72.49403,,Dryland_Cropland,vineyard,5.88,49.73,4.65,18.53,13.0,50.87,36.1,1.333,0.33,18.11,1558,9.497408497307967,2781.102112676056,116.64161942500796,measured,False
2382.RU006.C181.RH.4.791.bulk.9.12.lane7.NoIndex.L007.sequences,2382,United States of America,41.00943,-72.49403,,Dryland_Cropland,vineyard,6.35,49.73,4.65,18.53,13.0,50.87,36.1,1.333,0.33,18.11,1644,9.640694015444591,3222.894736842105,127.12169162807604,measured,False
2382.RU006.C181.RH.3.786.bulk.9.12.lane7.NoIndex.L007.sequences,2382,United States of America,41.00943,-72.49403,,Dryland_Cropland,vineyard,6.71,49.73,4.65,18.53,13.0,50.87,36.1,1.333,0.33,18.11,1558,9.46801071099793,2833.021352313167,127.339848360049,measured,False
2382.RU006.C181.RH.2.781.bulk.9.12.lane7.NoIndex.L007.sequences,2382,United States of America,41.00943,-72.49403,,Dryland_Cropland,vineyard,6.02,49.73,4.65,18.53,13.0,50.87,36.1,1.333,0.33,18.11,1494,9.402658377674562,2859.0411522633744,119.813003429325,measured,False
2382.RU006.C181.RH.2.581.r1.bulk.4.12.lane7.NoIndex.L007.sequences,2382,United States of America,41.00935,-72.49416,,Dryland_Cropland,vineyard,5.07,49.73,4.65,18.53,13.0,50.87,36.1,1.333,0.58,8.84,1685,9.730201089751873,3147.5506756756763,132.4299842548571,soilgrids_imputed,True
2382.RU006.C181.RH.1.776.bulk.9.12.lane7.NoIndex.L007.sequences,2382,United States of America,41.00943,-72.49403,,Dryland_Cropland,vineyard,6.66,49.73,4.65,18.53,13.0,50.87,36.1,1.333,0.33,18.11,1543,9.409939778371282,2644.059602649006,121.804118130271,measured,False
2382.MU002.C3.HA.5.696.bulk.9.12.lane7.NoIndex.L007.sequences,2382,United States of America,41.0624,-72.45008,,Dryland_Cropland,vineyard,7.15,73.35,5.282,18.42,10.57,50.52,38.92,1.335,0.33,18.11,1708,9.70200487471419,3152.6751592356686,140.46247361621857,measured,False
2382.MU002.C3.HA.5.496.r1.bulk.4.12.lane7.NoIndex.L007.sequences,2382,United States of America,41.06283,-72.45028,,Dryland_Cropland,vineyard,5.13,90.3,5.893,19.33,10.73,51.57,37.7,1.34,0.58,8.84,1761,9.842632037438142,3184.4718100890204,140.5981709847626,soilgrids_imputed,True
2382.MU002.C3.HA.4.691.bulk.9.12.lane7.NoIndex.L007.sequences,2382,United States of America,41.0624,-72.45008,,Dryland_Cropland,vineyard,7.26,73.35,5.282,18.42,10.57,50.52,38.92,1.335,0.33,18.11,1711,9.675711786974675,3057.340361445783,144.04567060099757,measured,False
2382.MU002.C3.HA.3.686.bulk.9.12.lane7.NoIndex.L007.sequences,2382,United States of America,41.06256,-72.4519,,Dryland_Cropland,vineyard,6.93,72.07,5.256,18.4,10.58,50.31,39.11,1.337,0.33,18.11,1717,9.675130711197616,3477.209386281588,141.44685718199952,measured,False
2382.MU002.C3.HA.2.681.bulk.9.12.lane7.NoIndex.L007.sequences,2382,United States of America,41.06273,-72.4503,,Dryland_Cropland,vineyard,7.24,73.35,5.282,18.42,10.57,50.52,38.92,1.335,0.33,18.11,1724,9.714653904876874,3282.091503267974,142.89958913863953,measured,False
2382.MU002.C3.HA.1.676.bulk.9.12.lane7.NoIndex.L007.sequences,2382,United States of America,41.06273,-72.4503,,Dryland_Cropland,vineyard,7.28,73.35,5.282,18.42,10.57,50.52,38.92,1.335,0.33,18.11,1744,9.66377884379683,3490.9081632653056,139.63319299100604,measured,False
2382.HE003.C181.HA.5.771.bulk.9.12.lane7.NoIndex.L007.sequences,2382,United States of America,41.01036,-72.53056,,Dryland_Cropland,vineyard,5.18,41.23,3.712,14.8,11.12,53.88,35.0,1.368,0.33,18.11,1364,9.157424135122296,2304.139534883721,116.33780282241756,soilgrids_imputed,True
2382.HE003.C181.HA.5.571.r1.bulk.4.12.lane7.NoIndex.L007.sequences,2382,United States of America,41.01025,-72.53058,,Dryland_Cropland,vineyard,5.18,41.23,3.712,14.8,11.12,53.88,35.0,1.368,0.58,8.84,1350,9.087583098944846,2439.004149377593,117.97205645850012,soilgrids_imputed,True
2382.HE003.C181.HA.4.766.bulk.9.12.lane7.NoIndex.L007.sequences,2382,United States of America,41.01036,-72.53056,,Dryland_Cropland,vineyard,6.74,41.23,3.712,14.8,11.12,53.88,35.0,1.368,0.33,18.11,1468,9.364499654092532,2669.4096385542166,117.67307384398796,measured,False
2382.HE003.C181.HA.4.566.r1.bulk.4.12.lane7.NoIndex.L007.sequences,2382,United States of America,41.01025,-72.53058,,Dryland_Cropland,vineyard,5.18,41.23,3.712,14.8,11.12,53.88,35.0,1.368,0.58,8.84,1392,9.262280404203803,2426.490118577075,117.926083981124,soilgrids_imputed,True
2382.HE003.C181.HA.3.761.bulk.9.12.lane7.NoIndex.L007.sequences,2382,United States of America,41.01036,-72.53056,,Dryland_Cropland,vineyard,6.93,41.23,3.712,14.8,11.12,53.88,35.0,1.368,0.33,18.11,1396,9.206229564538404,2398.378787878788,115.49602059722557,measured,False
2382.HE003.C181.HA.3.561.bulk.4.12.lane7.NoIndex.L007.sequences,2382,United States of America,41.01025,-72.53058,,Dryland_Cropland,vineyard,6.95,41.23,3.712,14.8,11.12,53.88,35.0,1.368,0.58,8.84,1337,9.140883092429004,2327.0882352941176,114.70990509633474,measured,False
2382.HE003.C181.HA.2.756.bulk.9.12.lane7.NoIndex.L007.sequences,2382,United States of America,41.01036,-72.53056,,Dryland_Cropland,vineyard,7.06,41.23,3.712,14.8,11.12,53.88,35.0,1.368,0.33,18.11,1415,9.323251507262825,2400.1946564885493,117.42112205786894,measured,False
2382.HE003.C181.HA.1.751.bulk.9.12.lane7.NoIndex.L007.sequences,2382,United States of America,41.01036,-72.53056,,Dryland_Cropland,vineyard,6.55,41.23,3.712,14.8,11.12,53.88,35.0,1.368,0.33,18.11,1568,9.459858759696138,2971.8461538461543,122.47324821716398,measured,False
2382.GM.181.R5.bulk.10.12.lane7.NoIndex.L007.sequences,2382,United States of America,45.013092,-0.786197,,Dryland_Cropland,vineyard,5.87,39.07,4.387,25.8,15.1,63.93,20.97,1.343,0.42,17.46,1251,8.733980330113594,2412.105,97.35993222997196,soilgrids_imputed,True
2382.GM.181.R4.bulk.10.12.lane7.NoIndex.L007.sequences,2382,United States of America,45.013092,-0.786197,,Dryland_Cropland,vineyard,5.87,39.07,4.387,25.8,15.1,63.93,20.97,1.343,0.42,17.46,1297,9.017247378011415,2355.023255813953,101.65097718519758,soilgrids_imputed,True
2382.GM.181.R3.bulk.10.12.lane7.NoIndex.L007.sequences,2382,United States of America,45.013092,-0.786197,,Dryland_Cropland,vineyard,5.87,39.07,4.387,25.8,15.1,63.93,20.97,1.343,0.42,17.46,1346,9.06513428654199,2670.0663507109,105.93011772634,soilgrids_imputed,True
2382.GM.181.R2.bulk.10.12.lane7.NoIndex.L007.sequences,2382,United States of America,45.013092,-0.786197,,Dryland_Cropland,vineyard,5.87,39.07,4.387,25.8,15.1,63.93,20.97,1.343,0.42,17.46,1302,8.987590818312086,2356.6973684210525,101.144456519801,soilgrids_imputed,True
2382.GM.181.R1.bulk.10.12.lane7.NoIndex.L007.sequences,2382,United States of America,45.013092,-0.786197,,Dryland_Cropland,vineyard,5.87,39.07,4.387,25.8,15.1,63.93,20.97,1.343,0.42,17.46,1331,9.121696731880506,2390.343612334801,102.266438267796,soilgrids_imputed,True
2382.DPOO1.C1.HA.5.646.bulk.9.12.lane7.NoIndex.L007.sequences,2382,United States of America,41.02525,-72.46158,,Dryland_Cropland,vineyard,7.05,51.92,4.994,18.55,11.38,48.51,40.11,1.332,0.33,18.11,1605,9.504846488648289,2904.0,134.65499686770158,measured,False
2382.DPOO1.C1.HA.4.641.bulk.9.12.lane7.NoIndex.L007.sequences,2382,United States of America,41.02525,-72.46158,,Dryland_Cropland,vineyard,6.75,51.92,4.994,18.55,11.38,48.51,40.11,1.332,0.33,18.11,1594,9.423074908952287,2808.51186440678,131.45312340481263,measured,False
2382.DPOO1.C1.HA.3.636.bulk.9.12.lane7.NoIndex.L007.sequences,2382,United States of America,41.02525,-72.46158,,Dryland_Cropland,vineyard,6.88,51.92,4.994,18.55,11.38,48.51,40.11,1.332,0.33,18.11,1620,9.564175059308452,2824.840909090909,138.5508064821476,measured,False
2382.DPOO1.C1.HA.3.436.r1.bulk.4.12.lane7.NoIndex.L007.sequences,2382,United States of America,41.02534,-72.46171,,Dryland_Cropland,vineyard,6.99,51.92,4.994,18.55,11.38,48.51,40.11,1.332,0.58,8.84,1642,9.56788880810394,3041.801324503311,141.36112070728072,measured,False
2382.DPOO1.C1.HA.2.631.bulk.9.12.lane7.NoIndex.L007.sequences,2382,United States of America,41.02525,-72.46158,,Dryland_Cropland,vineyard,6.71,51.92,4.994,18.55,11.38,48.51,40.11,1.332,0.33,18.11,1588,9.529604291695744,2962.1083032490974,133.34846360249253,measured,False
2382.DPOO1.C1.HA.1.626.bulk.9.12.lane7.NoIndex.L007.sequences,2382,United States of America,41.02525,-72.46158,,Dryland_Cropland,vineyard,6.88,51.92,4.994,18.55,11.38,48.51,40.11,1.332,0.33,18.11,1620,9.526153566795118,2984.155172413793,133.48216981085554,measured,False
